{
  "type": "FeatureCollection",
  "mcda_weights": {
    "aqi_worsening": 0.4,
    "traffic_worsening": 0.0,
    "ndvi_decline": 0.35,
    "low_green_cover": 0.15,
    "plantable_space": 0.1
  },
  "features": [
    {
      "type": "Feature",
      "geometry": {
        "type": "Polygon",
        "coordinates": [
          [
            [
              72.85912967007077,
              18.92163222424507
            ],
            [
              72.85509617505274,
              18.933279238917986
            ],
            [
              72.84296356492884,
              18.934974944798306
            ],
            [
              72.8348660337499,
              18.925025356020882
            ],
            [
              72.8388990808154,
              18.913379724778395
            ],
            [
              72.85103010723716,
              18.91168229886527
            ],
            [
              72.85912967007077,
              18.92163222424507
            ]
          ]
        ]
      },
      "properties": {
        "zone": "87608b036ffffff",
        "rank": 1,
        "aqi_beyond_index": false,
        "reasoned": true,
        "priority_score": 0.9451,
        "aqi_latest": 62.1,
        "aqi_pred_delta": 28.0,
        "traffic_latest": 50.0,
        "traffic_pred_delta": 0.0,
        "ndvi_latest": 0.026,
        "ndvi_trend_per_year": -0.0331,
        "ndvi_pred_delta": -0.0159,
        "plantable_space": 0.96,
        "plantable_source": "proxy_1_minus_ndvi",
        "n_sites": 0,
        "species": [
          "Siris",
          "Neem",
          "Shisham",
          "Banyan"
        ],
        "justification": "Priority score 0.945: predicted AQI change +28.0, NDVI trend -0.0331/yr with canopy at 0.03 and plantable-space 0.96. Species chosen for pollution tolerance and fit to available space.",
        "components": {
          "aqi_worsening": 0.3499,
          "traffic_worsening": 0.0,
          "ndvi_decline": 0.35,
          "low_green_cover": 0.1495,
          "plantable_space": 0.0957
        }
      }
    },
    {
      "type": "Feature",
      "geometry": {
        "type": "Polygon",
        "coordinates": [
          [
            [
              72.9482791979166,
              18.99784942987641
            ],
            [
              72.94424318201268,
              19.00949904585933
            ],
            [
              72.93209263652399,
              19.011194455599
            ],
            [
              72.92397969248591,
              19.001241964084926
            ],
            [
              72.92801526444651,
              18.989593725184196
            ],
            [
              72.94016422461489,
              18.987896600696164
            ],
            [
              72.9482791979166,
              18.99784942987641
            ]
          ]
        ]
      },
      "properties": {
        "zone": "87608b195ffffff",
        "rank": 2,
        "aqi_beyond_index": false,
        "reasoned": true,
        "priority_score": 0.9285,
        "aqi_latest": 62.1,
        "aqi_pred_delta": 28.0,
        "traffic_latest": 50.0,
        "traffic_pred_delta": 0.0,
        "ndvi_latest": 0.061,
        "ndvi_trend_per_year": -0.0364,
        "ndvi_pred_delta": -0.0508,
        "plantable_space": 0.9,
        "plantable_source": "proxy_1_minus_ndvi",
        "n_sites": 0,
        "species": [
          "Siris",
          "Neem",
          "Shisham",
          "Banyan"
        ],
        "justification": "Priority score 0.929: predicted AQI change +28.0, NDVI trend -0.0364/yr with canopy at 0.06 and plantable-space 0.90. Species chosen for pollution tolerance and fit to available space.",
        "components": {
          "aqi_worsening": 0.3499,
          "traffic_worsening": 0.0,
          "ndvi_decline": 0.35,
          "low_green_cover": 0.1388,
          "plantable_space": 0.0899
        }
      }
    },
    {
      "type": "Feature",
      "geometry": {
        "type": "Polygon",
        "coordinates": [
          [
            [
              72.98065884966155,
              18.97114334832205
            ],
            [
              72.97662268663883,
              18.9827986437002
            ],
            [
              72.96446793634446,
              18.984499060230107
            ],
            [
              72.95635093460204,
              18.97454589451369
            ],
            [
              72.96038665531071,
              18.962891976880844
            ],
            [
              72.97253982030273,
              18.96118984720004
            ],
            [
              72.98065884966155,
              18.97114334832205
            ]
          ]
        ]
      },
      "properties": {
        "zone": "87608b1b0ffffff",
        "rank": 3,
        "aqi_beyond_index": false,
        "reasoned": true,
        "priority_score": 0.89,
        "aqi_latest": 62.1,
        "aqi_pred_delta": 27.5,
        "traffic_latest": 50.0,
        "traffic_pred_delta": 0.0,
        "ndvi_latest": 0.118,
        "ndvi_trend_per_year": -0.0346,
        "ndvi_pred_delta": -0.1085,
        "plantable_space": 0.8,
        "plantable_source": "proxy_1_minus_ndvi",
        "n_sites": 0,
        "species": [
          "Siris",
          "Neem",
          "Banyan",
          "Peepal"
        ],
        "justification": "Priority score 0.890: predicted AQI change +27.5, NDVI trend -0.0346/yr with canopy at 0.12 and plantable-space 0.80. Species chosen for pollution tolerance and fit to available space. Soil pH 6.5 (acidic), clay loam \u2014 species filtered for soil fit.",
        "components": {
          "aqi_worsening": 0.3386,
          "traffic_worsening": 0.0,
          "ndvi_decline": 0.35,
          "low_green_cover": 0.1211,
          "plantable_space": 0.0803
        },
        "soil": {
          "ph": 6.45,
          "ph_class": "acidic",
          "texture": "clay loam",
          "texture_simple": "clay",
          "moisture": null,
          "soc": 593.5
        }
      }
    },
    {
      "type": "Feature",
      "geometry": {
        "type": "Polygon",
        "coordinates": [
          [
            [
              72.83095346446878,
              19.069570684103454
            ],
            [
              72.82691835459016,
              19.081201853520636
            ],
            [
              72.81478415791359,
              19.08288145169609
            ],
            [
              72.80668665642338,
              19.072931601077137
            ],
            [
              72.81072131654831,
              19.061301807664446
            ],
            [
              72.82285392814181,
              19.059620488847038
            ],
            [
              72.83095346446878,
              19.069570684103454
            ]
          ]
        ]
      },
      "properties": {
        "zone": "87608b086ffffff",
        "rank": 4,
        "aqi_beyond_index": false,
        "reasoned": true,
        "priority_score": 0.8727,
        "aqi_latest": 67.0,
        "aqi_pred_delta": 27.6,
        "traffic_latest": 50.0,
        "traffic_pred_delta": 0.0,
        "ndvi_latest": 0.161,
        "ndvi_trend_per_year": -0.0339,
        "ndvi_pred_delta": -0.1404,
        "plantable_space": 0.73,
        "plantable_source": "proxy_1_minus_ndvi",
        "n_sites": 0,
        "species": [
          "Siris",
          "Neem",
          "Shisham",
          "Banyan"
        ],
        "justification": "Priority score 0.873: predicted AQI change +27.6, NDVI trend -0.0340/yr with canopy at 0.16 and plantable-space 0.73. Species chosen for pollution tolerance and fit to available space.",
        "components": {
          "aqi_worsening": 0.3416,
          "traffic_worsening": 0.0,
          "ndvi_decline": 0.35,
          "low_green_cover": 0.108,
          "plantable_space": 0.0731
        }
      }
    },
    {
      "type": "Feature",
      "geometry": {
        "type": "Polygon",
        "coordinates": [
          [
            [
              72.80657734594148,
              18.940055504377643
            ],
            [
              72.80254445736156,
              18.951695460910397
            ],
            [
              72.79041976706321,
              18.953385388258805
            ],
            [
              72.78232954900386,
              18.94343708181548
            ],
            [
              72.78636198707973,
              18.931798508978826
            ],
            [
              72.79848509394297,
              18.930106858871873
            ],
            [
              72.80657734594148,
              18.940055504377643
            ]
          ]
        ]
      },
      "properties": {
        "zone": "87608b015ffffff",
        "rank": 5,
        "aqi_beyond_index": false,
        "reasoned": true,
        "priority_score": 0.859,
        "aqi_latest": 62.1,
        "aqi_pred_delta": 27.0,
        "traffic_latest": 50.0,
        "traffic_pred_delta": 0.0,
        "ndvi_latest": 0.156,
        "ndvi_trend_per_year": -0.0376,
        "ndvi_pred_delta": 0.0739,
        "plantable_space": 0.74,
        "plantable_source": "proxy_1_minus_ndvi",
        "n_sites": 0,
        "species": [
          "Siris",
          "Neem",
          "Shisham",
          "Banyan"
        ],
        "justification": "Priority score 0.859: predicted AQI change +27.0, NDVI trend -0.0376/yr with canopy at 0.16 and plantable-space 0.74. Species chosen for pollution tolerance and fit to available space.",
        "components": {
          "aqi_worsening": 0.3253,
          "traffic_worsening": 0.0,
          "ndvi_decline": 0.35,
          "low_green_cover": 0.1097,
          "plantable_space": 0.074
        }
      }
    },
    {
      "type": "Feature",
      "geometry": {
        "type": "Polygon",
        "coordinates": [
          [
            [
              72.9322183896065,
              19.1109120868172
            ],
            [
              72.9281810450262,
              19.12255012210117
            ],
            [
              72.91602836619835,
              19.124233662225013
            ],
            [
              72.90791461860734,
              19.114280881949124
            ],
            [
              72.91195151812748,
              19.10264421794718
            ],
            [
              72.92410261052521,
              19.100958962918742
            ],
            [
              72.9322183896065,
              19.1109120868172
            ]
          ]
        ]
      },
      "properties": {
        "zone": "87608b541ffffff",
        "rank": 6,
        "aqi_beyond_index": false,
        "reasoned": true,
        "priority_score": 0.8507,
        "aqi_latest": 67.0,
        "aqi_pred_delta": 30.0,
        "traffic_latest": 50.0,
        "traffic_pred_delta": 0.0,
        "ndvi_latest": 0.257,
        "ndvi_trend_per_year": -0.0279,
        "ndvi_pred_delta": -0.1685,
        "plantable_space": 0.57,
        "plantable_source": "proxy_1_minus_ndvi",
        "n_sites": 0,
        "species": [
          "Siris",
          "Neem",
          "Shisham",
          "Banyan"
        ],
        "justification": "Priority score 0.851: predicted AQI change +30.0, NDVI trend -0.0280/yr with canopy at 0.26 and plantable-space 0.57. Species chosen for pollution tolerance and fit to available space.",
        "components": {
          "aqi_worsening": 0.4,
          "traffic_worsening": 0.0,
          "ndvi_decline": 0.315,
          "low_green_cover": 0.0786,
          "plantable_space": 0.0571
        }
      }
    },
    {
      "type": "Feature",
      "geometry": {
        "type": "Polygon",
        "coordinates": [
          [
            [
              72.93629804100985,
              19.13250348039947
            ],
            [
              72.93226032675595,
              19.14414003425727
            ],
            [
              72.9201060612242,
              19.14582185983926
            ],
            [
              72.91199109687679,
              19.135868846084676
            ],
            [
              72.91602836619835,
              19.124233662225013
            ],
            [
              72.9281810450262,
              19.12255012210117
            ],
            [
              72.93629804100985,
              19.13250348039947
            ]
          ]
        ]
      },
      "properties": {
        "zone": "87608b543ffffff",
        "rank": 7,
        "aqi_beyond_index": false,
        "reasoned": true,
        "priority_score": 0.8499,
        "aqi_latest": 67.0,
        "aqi_pred_delta": 30.0,
        "traffic_latest": 50.0,
        "traffic_pred_delta": 0.0,
        "ndvi_latest": 0.309,
        "ndvi_trend_per_year": -0.031,
        "ndvi_pred_delta": -0.2316,
        "plantable_space": 0.49,
        "plantable_source": "proxy_1_minus_ndvi",
        "n_sites": 0,
        "species": [
          "Siris",
          "Neem",
          "Shisham",
          "Banyan"
        ],
        "justification": "Priority score 0.850: predicted AQI change +30.0, NDVI trend -0.0311/yr with canopy at 0.31 and plantable-space 0.49. Species chosen for pollution tolerance and fit to available space.",
        "components": {
          "aqi_worsening": 0.4,
          "traffic_worsening": 0.0,
          "ndvi_decline": 0.3387,
          "low_green_cover": 0.0627,
          "plantable_space": 0.0485
        }
      }
    },
    {
      "type": "Feature",
      "geometry": {
        "type": "Polygon",
        "coordinates": [
          [
            [
              72.83501910584127,
              19.091152295335686
            ],
            [
              72.83098362565455,
              19.10278198974476
            ],
            [
              72.81884784362019,
              19.10445986763698
            ],
            [
              72.81074912735512,
              19.094509771383905
            ],
            [
              72.81478415791359,
              19.08288145169609
            ],
            [
              72.82691835459016,
              19.081201853520636
            ],
            [
              72.83501910584127,
              19.091152295335686
            ]
          ]
        ]
      },
      "properties": {
        "zone": "87608b095ffffff",
        "rank": 8,
        "aqi_beyond_index": false,
        "reasoned": true,
        "priority_score": 0.839,
        "aqi_latest": 67.0,
        "aqi_pred_delta": 28.9,
        "traffic_latest": 50.0,
        "traffic_pred_delta": 0.0,
        "ndvi_latest": 0.21,
        "ndvi_trend_per_year": -0.0273,
        "ndvi_pred_delta": -0.1205,
        "plantable_space": 0.65,
        "plantable_source": "proxy_1_minus_ndvi",
        "n_sites": 0,
        "species": [
          "Siris",
          "Neem",
          "Shisham",
          "Banyan"
        ],
        "justification": "Priority score 0.839: predicted AQI change +28.9, NDVI trend -0.0272/yr with canopy at 0.21 and plantable-space 0.65. Species chosen for pollution tolerance and fit to available space.",
        "components": {
          "aqi_worsening": 0.3712,
          "traffic_worsening": 0.0,
          "ndvi_decline": 0.31,
          "low_green_cover": 0.0929,
          "plantable_space": 0.0649
        }
      }
    },
    {
      "type": "Feature",
      "geometry": {
        "type": "Polygon",
        "coordinates": [
          [
            [
              72.94037853989015,
              19.154093623597678
            ],
            [
              72.93634045593714,
              19.16572869303566
            ],
            [
              72.92418460342763,
              19.16740880444021
            ],
            [
              72.91606842207554,
              19.157455560563317
            ],
            [
              72.9201060612242,
              19.14582185983926
            ],
            [
              72.93226032675595,
              19.14414003425727
            ],
            [
              72.94037853989015,
              19.154093623597678
            ]
          ]
        ]
      },
      "properties": {
        "zone": "87608b55cffffff",
        "rank": 9,
        "aqi_beyond_index": false,
        "reasoned": true,
        "priority_score": 0.7919,
        "aqi_latest": 67.0,
        "aqi_pred_delta": 30.0,
        "traffic_latest": 50.0,
        "traffic_pred_delta": 0.0,
        "ndvi_latest": 0.291,
        "ndvi_trend_per_year": -0.0223,
        "ndvi_pred_delta": -0.1869,
        "plantable_space": 0.51,
        "plantable_source": "proxy_1_minus_ndvi",
        "n_sites": 0,
        "species": [
          "Siris",
          "Neem",
          "Banyan",
          "Peepal"
        ],
        "justification": "Priority score 0.792: predicted AQI change +30.0, NDVI trend -0.0223/yr with canopy at 0.29 and plantable-space 0.51. Species chosen for pollution tolerance and fit to available space. Soil pH 6.2 (acidic), clay loam \u2014 species filtered for soil fit.",
        "components": {
          "aqi_worsening": 0.4,
          "traffic_worsening": 0.0,
          "ndvi_decline": 0.2724,
          "low_green_cover": 0.0681,
          "plantable_space": 0.0514
        },
        "soil": {
          "ph": 6.25,
          "ph_class": "acidic",
          "texture": "clay loam",
          "texture_simple": "clay",
          "moisture": null,
          "soc": 255.5
        }
      }
    },
    {
      "type": "Feature",
      "geometry": {
        "type": "Polygon",
        "coordinates": [
          [
            [
              72.81469934317796,
              18.983232048103797
            ],
            [
              72.81066571427002,
              18.994869087597575
            ],
            [
              72.79853785627753,
              18.99655557047609
            ],
            [
              72.7904452114016,
              18.986606735902598
            ],
            [
              72.79447839005515,
              18.974971077542573
            ],
            [
              72.80660466406324,
              18.97328287260422
            ],
            [
              72.81469934317796,
              18.983232048103797
            ]
          ]
        ]
      },
      "properties": {
        "zone": "87608b012ffffff",
        "rank": 10,
        "aqi_beyond_index": false,
        "reasoned": true,
        "priority_score": 0.7895,
        "aqi_latest": 62.1,
        "aqi_pred_delta": 27.0,
        "traffic_latest": 50.0,
        "traffic_pred_delta": 0.0,
        "ndvi_latest": 0.102,
        "ndvi_trend_per_year": -0.02,
        "ndvi_pred_delta": -0.0917,
        "plantable_space": 0.83,
        "plantable_source": "proxy_1_minus_ndvi",
        "n_sites": 0,
        "species": [
          "Siris",
          "Neem",
          "Shisham",
          "Banyan"
        ],
        "justification": "Priority score 0.789: predicted AQI change +27.0, NDVI trend -0.0200/yr with canopy at 0.10 and plantable-space 0.83. Species chosen for pollution tolerance and fit to available space.",
        "components": {
          "aqi_worsening": 0.3253,
          "traffic_worsening": 0.0,
          "ndvi_decline": 0.2549,
          "low_green_cover": 0.1262,
          "plantable_space": 0.0831
        }
      }
    },
    {
      "type": "Feature",
      "geometry": {
        "type": "Polygon",
        "coordinates": [
          [
            [
              72.97263304041608,
              19.02770958864239
            ],
            [
              72.96859621237581,
              19.03935911348673
            ],
            [
              72.95644039229894,
              19.041053599914704
            ],
            [
              72.94832298634724,
              19.0311002747208
            ],
            [
              72.9523593715155,
              19.01945212472694
            ],
            [
              72.96451360573435,
              19.0177559250568
            ],
            [
              72.97263304041608,
              19.02770958864239
            ]
          ]
        ]
      },
      "properties": {
        "zone": "87608b196ffffff",
        "rank": 11,
        "aqi_beyond_index": false,
        "reasoned": false,
        "priority_score": 0.7775,
        "aqi_latest": 67.0,
        "aqi_pred_delta": 26.0,
        "traffic_latest": 50.0,
        "traffic_pred_delta": 0.0,
        "ndvi_latest": 0.28,
        "ndvi_trend_per_year": -0.0478,
        "ndvi_pred_delta": -0.2701,
        "plantable_space": 0.53,
        "plantable_source": "proxy_1_minus_ndvi",
        "n_sites": 0,
        "species": [],
        "justification": "",
        "components": {
          "aqi_worsening": 0.3027,
          "traffic_worsening": 0.0,
          "ndvi_decline": 0.35,
          "low_green_cover": 0.0715,
          "plantable_space": 0.0533
        }
      }
    },
    {
      "type": "Feature",
      "geometry": {
        "type": "Polygon",
        "coordinates": [
          [
            [
              72.82291237389039,
              19.126037049144998
            ],
            [
              72.818876602386,
              19.137662412410332
            ],
            [
              72.80674134968126,
              19.13933606406374
            ],
            [
              72.79864345434049,
              19.129386073137546
            ],
            [
              72.802678775532,
              19.11776208296732
            ],
            [
              72.81481244260186,
              19.116086710608382
            ],
            [
              72.82291237389039,
              19.126037049144998
            ]
          ]
        ]
      },
      "properties": {
        "zone": "87608b093ffffff",
        "rank": 12,
        "aqi_beyond_index": false,
        "reasoned": false,
        "priority_score": 0.776,
        "aqi_latest": 67.0,
        "aqi_pred_delta": 29.6,
        "traffic_latest": 50.0,
        "traffic_pred_delta": 0.0,
        "ndvi_latest": 0.301,
        "ndvi_trend_per_year": -0.0224,
        "ndvi_pred_delta": -0.1157,
        "plantable_space": 0.5,
        "plantable_source": "proxy_1_minus_ndvi",
        "n_sites": 0,
        "species": [],
        "justification": "",
        "components": {
          "aqi_worsening": 0.3883,
          "traffic_worsening": 0.0,
          "ndvi_decline": 0.273,
          "low_green_cover": 0.065,
          "plantable_space": 0.0498
        }
      }
    },
    {
      "type": "Feature",
      "geometry": {
        "type": "Polygon",
        "coordinates": [
          [
            [
              72.87958193455611,
              19.129277684645967
            ],
            [
              72.87554518784201,
              19.140908645102023
            ],
            [
              72.86340042259548,
              19.14258637936523
            ],
            [
              72.85529399046285,
              19.132634870782006
            ],
            [
              72.8593302895495,
              19.12100528187762
            ],
            [
              72.87147346862184,
              19.11932582998461
            ],
            [
              72.87958193455611,
              19.129277684645967
            ]
          ]
        ]
      },
      "properties": {
        "zone": "87608b54bffffff",
        "rank": 13,
        "aqi_beyond_index": false,
        "reasoned": false,
        "priority_score": 0.7631,
        "aqi_latest": 67.0,
        "aqi_pred_delta": 30.0,
        "traffic_latest": 50.0,
        "traffic_pred_delta": 0.0,
        "ndvi_latest": 0.262,
        "ndvi_trend_per_year": -0.0167,
        "ndvi_pred_delta": -0.1164,
        "plantable_space": 0.56,
        "plantable_source": "proxy_1_minus_ndvi",
        "n_sites": 0,
        "species": [],
        "justification": "",
        "components": {
          "aqi_worsening": 0.4,
          "traffic_worsening": 0.0,
          "ndvi_decline": 0.2299,
          "low_green_cover": 0.077,
          "plantable_space": 0.0563
        }
      }
    },
    {
      "type": "Feature",
      "geometry": {
        "type": "Polygon",
        "coordinates": [
          [
            [
              72.88772865178046,
              19.172442532945617
            ],
            [
              72.88369116482555,
              19.184070523296313
            ],
            [
              72.87154322640735,
              19.185744823392692
            ],
            [
              72.86343436189296,
              19.175792850018322
            ],
            [
              72.86747140147388,
              19.16416622865059
            ],
            [
              72.87961775316904,
              19.162490211653502
            ],
            [
              72.88772865178046,
              19.172442532945617
            ]
          ]
        ]
      },
      "properties": {
        "zone": "87608b466ffffff",
        "rank": 14,
        "aqi_beyond_index": false,
        "reasoned": false,
        "priority_score": 0.7626,
        "aqi_latest": 67.0,
        "aqi_pred_delta": 27.2,
        "traffic_latest": 50.0,
        "traffic_pred_delta": 0.0,
        "ndvi_latest": 0.372,
        "ndvi_trend_per_year": -0.0369,
        "ndvi_pred_delta": -0.2341,
        "plantable_space": 0.38,
        "plantable_source": "proxy_1_minus_ndvi",
        "n_sites": 0,
        "species": [],
        "justification": "",
        "components": {
          "aqi_worsening": 0.3313,
          "traffic_worsening": 0.0,
          "ndvi_decline": 0.35,
          "low_green_cover": 0.0433,
          "plantable_space": 0.038
        },
        "soil": {
          "ph": 6.5,
          "ph_class": "neutral",
          "texture": "clay loam",
          "texture_simple": "clay",
          "moisture": null,
          "soc": 224.5
        }
      }
    },
    {
      "type": "Feature",
      "geometry": {
        "type": "Polygon",
        "coordinates": [
          [
            [
              72.84712496318151,
              19.056254563642703
            ],
            [
              72.84308977464126,
              19.067888581419567
            ],
            [
              72.83095346446878,
              19.069570684103454
            ],
            [
              72.82285392814181,
              19.059620488847038
            ],
            [
              72.82688866773846,
              19.047987847415474
            ],
            [
              72.8390233928306,
              19.046304024875884
            ],
            [
              72.84712496318151,
              19.056254563642703
            ]
          ]
        ]
      },
      "properties": {
        "zone": "87608b0b1ffffff",
        "rank": 15,
        "aqi_beyond_index": false,
        "reasoned": false,
        "priority_score": 0.7625,
        "aqi_latest": 67.0,
        "aqi_pred_delta": 28.9,
        "traffic_latest": 50.0,
        "traffic_pred_delta": 0.0,
        "ndvi_latest": 0.2,
        "ndvi_trend_per_year": -0.0165,
        "ndvi_pred_delta": -0.062,
        "plantable_space": 0.67,
        "plantable_source": "proxy_1_minus_ndvi",
        "n_sites": 0,
        "species": [],
        "justification": "",
        "components": {
          "aqi_worsening": 0.3712,
          "traffic_worsening": 0.0,
          "ndvi_decline": 0.2285,
          "low_green_cover": 0.0961,
          "plantable_space": 0.0667
        }
      }
    },
    {
      "type": "Feature",
      "geometry": {
        "type": "Polygon",
        "coordinates": [
          [
            [
              72.86340042259548,
              19.14258637936523
            ],
            [
              72.85936375327465,
              19.154214485995524
            ],
            [
              72.84722110003538,
              19.155889712851632
            ],
            [
              72.83911670252084,
              19.14593855147146
            ],
            [
              72.84315292340213,
              19.134311816052378
            ],
            [
              72.85529399046285,
              19.132634870782006
            ],
            [
              72.86340042259548,
              19.14258637936523
            ]
          ]
        ]
      },
      "properties": {
        "zone": "87608b465ffffff",
        "rank": 16,
        "aqi_beyond_index": false,
        "reasoned": false,
        "priority_score": 0.7603,
        "aqi_latest": 67.0,
        "aqi_pred_delta": 28.9,
        "traffic_latest": 50.0,
        "traffic_pred_delta": 0.0,
        "ndvi_latest": 0.21,
        "ndvi_trend_per_year": -0.0169,
        "ndvi_pred_delta": -0.086,
        "plantable_space": 0.65,
        "plantable_source": "proxy_1_minus_ndvi",
        "n_sites": 0,
        "species": [],
        "justification": "",
        "components": {
          "aqi_worsening": 0.3712,
          "traffic_worsening": 0.0,
          "ndvi_decline": 0.231,
          "low_green_cover": 0.0931,
          "plantable_space": 0.065
        }
      }
    },
    {
      "type": "Feature",
      "geometry": {
        "type": "Polygon",
        "coordinates": [
          [
            [
              72.83492724129853,
              18.99149284006137
            ],
            [
              72.83089316307024,
              19.003131259747267
            ],
            [
              72.81876160731524,
              19.004818523065
            ],
            [
              72.81066571427002,
              18.994869087597575
            ],
            [
              72.81469934317796,
              18.983232048103797
            ],
            [
              72.82682931467608,
              18.98154306386702
            ],
            [
              72.83492724129853,
              18.99149284006137
            ]
          ]
        ]
      },
      "properties": {
        "zone": "87608b0a5ffffff",
        "rank": 17,
        "aqi_beyond_index": false,
        "reasoned": false,
        "priority_score": 0.7548,
        "aqi_latest": 62.1,
        "aqi_pred_delta": 27.6,
        "traffic_latest": 50.0,
        "traffic_pred_delta": 0.0,
        "ndvi_latest": 0.208,
        "ndvi_trend_per_year": -0.02,
        "ndvi_pred_delta": -0.0889,
        "plantable_space": 0.65,
        "plantable_source": "proxy_1_minus_ndvi",
        "n_sites": 0,
        "species": [],
        "justification": "",
        "components": {
          "aqi_worsening": 0.3407,
          "traffic_worsening": 0.0,
          "ndvi_decline": 0.255,
          "low_green_cover": 0.0937,
          "plantable_space": 0.0654
        }
      }
    },
    {
      "type": "Feature",
      "geometry": {
        "type": "Polygon",
        "coordinates": [
          [
            [
              72.81884784362019,
              19.10445986763698
            ],
            [
              72.81481244260186,
              19.116086710608382
            ],
            [
              72.802678775532,
              19.11776208296732
            ],
            [
              72.79458209506502,
              19.10781233340215
            ],
            [
              72.79861704564522,
              19.096186864809635
            ],
            [
              72.81074912735512,
              19.094509771383905
            ],
            [
              72.81884784362019,
              19.10445986763698
            ]
          ]
        ]
      },
      "properties": {
        "zone": "87608b091ffffff",
        "rank": 18,
        "aqi_beyond_index": false,
        "reasoned": false,
        "priority_score": 0.7501,
        "aqi_latest": 67.0,
        "aqi_pred_delta": 30.8,
        "traffic_latest": 50.0,
        "traffic_pred_delta": 0.0,
        "ndvi_latest": 0.017,
        "ndvi_trend_per_year": 0.0,
        "ndvi_pred_delta": 0.0,
        "plantable_space": 0.97,
        "plantable_source": "proxy_1_minus_ndvi",
        "n_sites": 0,
        "species": [],
        "justification": "",
        "components": {
          "aqi_worsening": 0.4,
          "traffic_worsening": 0.0,
          "ndvi_decline": 0.1029,
          "low_green_cover": 0.15,
          "plantable_space": 0.0971
        }
      }
    },
    {
      "type": "Feature",
      "geometry": {
        "type": "Polygon",
        "coordinates": [
          [
            [
              72.89576563377993,
              19.115963630301707
            ],
            [
              72.89172881033261,
              19.127597443216203
            ],
            [
              72.87958193455611,
              19.129277684645967
            ],
            [
              72.87147346862184,
              19.11932582998461
            ],
            [
              72.87550984525434,
              19.107693388961025
            ],
            [
              72.88765513486176,
              19.106011430687698
            ],
            [
              72.89576563377993,
              19.115963630301707
            ]
          ]
        ]
      },
      "properties": {
        "zone": "87608b548ffffff",
        "rank": 19,
        "aqi_beyond_index": false,
        "reasoned": false,
        "priority_score": 0.7386,
        "aqi_latest": 67.0,
        "aqi_pred_delta": 28.9,
        "traffic_latest": 50.0,
        "traffic_pred_delta": 0.0,
        "ndvi_latest": 0.252,
        "ndvi_trend_per_year": -0.0167,
        "ndvi_pred_delta": -0.1124,
        "plantable_space": 0.58,
        "plantable_source": "proxy_1_minus_ndvi",
        "n_sites": 0,
        "species": [],
        "justification": "",
        "components": {
          "aqi_worsening": 0.3712,
          "traffic_worsening": 0.0,
          "ndvi_decline": 0.2294,
          "low_green_cover": 0.0801,
          "plantable_space": 0.058
        }
      }
    },
    {
      "type": "Feature",
      "geometry": {
        "type": "Polygon",
        "coordinates": [
          [
            [
              72.96446793634446,
              18.984499060230107
            ],
            [
              72.96043184655056,
              18.996151516609064
            ],
            [
              72.9482791979166,
              18.99784942987641
            ],
            [
              72.94016422461489,
              18.987896600696164
            ],
            [
              72.94419987127982,
              18.976245521731556
            ],
            [
              72.95635093460204,
              18.97454589451369
            ],
            [
              72.96446793634446,
              18.984499060230107
            ]
          ]
        ]
      },
      "properties": {
        "zone": "87608b1b3ffffff",
        "rank": 20,
        "aqi_beyond_index": false,
        "reasoned": false,
        "priority_score": 0.7363,
        "aqi_latest": 62.1,
        "aqi_pred_delta": 29.5,
        "traffic_latest": 50.0,
        "traffic_pred_delta": 0.0,
        "ndvi_latest": 0.025,
        "ndvi_trend_per_year": 0.0,
        "ndvi_pred_delta": 0.0,
        "plantable_space": 0.96,
        "plantable_source": "proxy_1_minus_ndvi",
        "n_sites": 0,
        "species": [],
        "justification": "",
        "components": {
          "aqi_worsening": 0.3876,
          "traffic_worsening": 0.0,
          "ndvi_decline": 0.1029,
          "low_green_cover": 0.1499,
          "plantable_space": 0.0959
        }
      }
    },
    {
      "type": "Feature",
      "geometry": {
        "type": "Polygon",
        "coordinates": [
          [
            [
              73.01744613391021,
              19.165580528852846
            ],
            [
              73.01340664937409,
              19.17722255321033
            ],
            [
              73.00123761907496,
              19.17890756744548
            ],
            [
              72.99310966129916,
              19.168952267219524
            ],
            [
              72.99714870468456,
              19.15731160906066
            ],
            [
              73.00931614722441,
              19.155624884907564
            ],
            [
              73.01744613391021,
              19.165580528852846
            ]
          ]
        ]
      },
      "properties": {
        "zone": "87608b509ffffff",
        "rank": 21,
        "aqi_beyond_index": false,
        "reasoned": false,
        "priority_score": 0.7328,
        "aqi_latest": 74.0,
        "aqi_pred_delta": 25.4,
        "traffic_latest": 50.0,
        "traffic_pred_delta": 0.0,
        "ndvi_latest": 0.267,
        "ndvi_trend_per_year": -0.0277,
        "ndvi_pred_delta": -0.1171,
        "plantable_space": 0.56,
        "plantable_source": "proxy_1_minus_ndvi",
        "n_sites": 0,
        "species": [],
        "justification": "",
        "components": {
          "aqi_worsening": 0.2883,
          "traffic_worsening": 0.0,
          "ndvi_decline": 0.3132,
          "low_green_cover": 0.0757,
          "plantable_space": 0.0556
        }
      }
    },
    {
      "type": "Feature",
      "geometry": {
        "type": "Polygon",
        "coordinates": [
          [
            [
              72.92406162834017,
              19.067725573915407
            ],
            [
              72.92002502303042,
              19.079366563063374
            ],
            [
              72.90787551678899,
              19.081053533357473
            ],
            [
              72.89976420196608,
              19.07110123010889
            ],
            [
              72.90380036196035,
              19.059461614809663
            ],
            [
              72.91594828231923,
              19.05777292889052
            ],
            [
              72.92406162834017,
              19.067725573915407
            ]
          ]
        ]
      },
      "properties": {
        "zone": "87608b568ffffff",
        "rank": 22,
        "aqi_beyond_index": false,
        "reasoned": false,
        "priority_score": 0.732,
        "aqi_latest": 67.0,
        "aqi_pred_delta": 28.9,
        "traffic_latest": 50.0,
        "traffic_pred_delta": 0.0,
        "ndvi_latest": 0.227,
        "ndvi_trend_per_year": -0.0142,
        "ndvi_pred_delta": -0.068,
        "plantable_space": 0.62,
        "plantable_source": "proxy_1_minus_ndvi",
        "n_sites": 0,
        "species": [],
        "justification": "",
        "components": {
          "aqi_worsening": 0.3712,
          "traffic_worsening": 0.0,
          "ndvi_decline": 0.2108,
          "low_green_cover": 0.0879,
          "plantable_space": 0.0622
        }
      }
    },
    {
      "type": "Feature",
      "geometry": {
        "type": "Polygon",
        "coordinates": [
          [
            [
              72.86747140147388,
              19.16416622865059
            ],
            [
              72.86343436189296,
              19.175792850018322
            ],
            [
              72.8512901222005,
              19.177466358824702
            ],
            [
              72.84318450876765,
              19.16751496429257
            ],
            [
              72.84722110003538,
              19.155889712851632
            ],
            [
              72.85936375327465,
              19.154214485995524
            ],
            [
              72.86747140147388,
              19.16416622865059
            ]
          ]
        ]
      },
      "properties": {
        "zone": "87608b460ffffff",
        "rank": 23,
        "aqi_beyond_index": false,
        "reasoned": false,
        "priority_score": 0.7233,
        "aqi_latest": 67.0,
        "aqi_pred_delta": 30.0,
        "traffic_latest": 50.0,
        "traffic_pred_delta": 0.0,
        "ndvi_latest": 0.277,
        "ndvi_trend_per_year": -0.0124,
        "ndvi_pred_delta": -0.15,
        "plantable_space": 0.54,
        "plantable_source": "proxy_1_minus_ndvi",
        "n_sites": 0,
        "species": [],
        "justification": "",
        "components": {
          "aqi_worsening": 0.4,
          "traffic_worsening": 0.0,
          "ndvi_decline": 0.197,
          "low_green_cover": 0.0725,
          "plantable_space": 0.0538
        }
      }
    },
    {
      "type": "Feature",
      "geometry": {
        "type": "Polygon",
        "coordinates": [
          [
            [
              72.94024992089159,
              19.054392262221253
            ],
            [
              72.93621324067715,
              19.06603609798717
            ],
            [
              72.92406162834017,
              19.067725573915407
            ],
            [
              72.91594828231923,
              19.05777292889052
            ],
            [
              72.9199845180321,
              19.046130467308526
            ],
            [
              72.9321345444939,
              19.04443927654775
            ],
            [
              72.94024992089159,
              19.054392262221253
            ]
          ]
        ]
      },
      "properties": {
        "zone": "87608b56cffffff",
        "rank": 24,
        "aqi_beyond_index": false,
        "reasoned": false,
        "priority_score": 0.7223,
        "aqi_latest": 67.0,
        "aqi_pred_delta": 28.9,
        "traffic_latest": 50.0,
        "traffic_pred_delta": 0.0,
        "ndvi_latest": 0.221,
        "ndvi_trend_per_year": -0.0126,
        "ndvi_pred_delta": -0.0912,
        "plantable_space": 0.63,
        "plantable_source": "proxy_1_minus_ndvi",
        "n_sites": 0,
        "species": [],
        "justification": "",
        "components": {
          "aqi_worsening": 0.3712,
          "traffic_worsening": 0.0,
          "ndvi_decline": 0.1984,
          "low_green_cover": 0.0896,
          "plantable_space": 0.0631
        }
      }
    },
    {
      "type": "Feature",
      "geometry": {
        "type": "Polygon",
        "coordinates": [
          [
            [
              72.86736820415899,
              19.064521086254157
            ],
            [
              72.863332567612,
              19.0761564794332
            ],
            [
              72.85119256006494,
              19.07783936767019
            ],
            [
              72.84308977464126,
              19.067888581419567
            ],
            [
              72.84712496318151,
              19.056254563642703
            ],
            [
              72.85926338537745,
              19.05456995669492
            ],
            [
              72.86736820415899,
              19.064521086254157
            ]
          ]
        ]
      },
      "properties": {
        "zone": "87608b0b0ffffff",
        "rank": 25,
        "aqi_beyond_index": false,
        "reasoned": false,
        "priority_score": 0.7213,
        "aqi_latest": 67.0,
        "aqi_pred_delta": 28.9,
        "traffic_latest": 50.0,
        "traffic_pred_delta": 0.0,
        "ndvi_latest": 0.243,
        "ndvi_trend_per_year": -0.0138,
        "ndvi_pred_delta": -0.0361,
        "plantable_space": 0.6,
        "plantable_source": "proxy_1_minus_ndvi",
        "n_sites": 0,
        "species": [],
        "justification": "",
        "components": {
          "aqi_worsening": 0.3712,
          "traffic_worsening": 0.0,
          "ndvi_decline": 0.2075,
          "low_green_cover": 0.083,
          "plantable_space": 0.0596
        }
      }
    },
    {
      "type": "Feature",
      "geometry": {
        "type": "Polygon",
        "coordinates": [
          [
            [
              72.9159082543108,
              19.02453413574275
            ],
            [
              72.91187238816921,
              19.036178066757685
            ],
            [
              72.89972605341912,
              19.03786846865955
            ],
            [
              72.89161717037162,
              19.02791665586591
            ],
            [
              72.89565259094289,
              19.016274101264973
            ],
            [
              72.9077973403579,
              19.0145819830244
            ],
            [
              72.9159082543108,
              19.02453413574275
            ]
          ]
        ]
      },
      "properties": {
        "zone": "87608b19effffff",
        "rank": 26,
        "aqi_beyond_index": false,
        "reasoned": false,
        "priority_score": 0.7187,
        "aqi_latest": 67.0,
        "aqi_pred_delta": 30.0,
        "traffic_latest": 50.0,
        "traffic_pred_delta": 0.0,
        "ndvi_latest": 0.278,
        "ndvi_trend_per_year": -0.0118,
        "ndvi_pred_delta": -0.1747,
        "plantable_space": 0.54,
        "plantable_source": "proxy_1_minus_ndvi",
        "n_sites": 0,
        "species": [],
        "justification": "",
        "components": {
          "aqi_worsening": 0.4,
          "traffic_worsening": 0.0,
          "ndvi_decline": 0.1928,
          "low_green_cover": 0.0722,
          "plantable_space": 0.0537
        },
        "soil": {
          "ph": 6.4,
          "ph_class": "acidic",
          "texture": "clay loam",
          "texture_simple": "clay",
          "moisture": null,
          "soc": 303.5
        }
      }
    },
    {
      "type": "Feature",
      "geometry": {
        "type": "Polygon",
        "coordinates": [
          [
            [
              72.9201060612242,
              19.14582185983926
            ],
            [
              72.91606842207554,
              19.157455560563317
            ],
            [
              72.9039162640999,
              19.159134877892374
            ],
            [
              72.89580333221036,
              19.149182209806675
            ],
            [
              72.89984052561226,
              19.137549878743677
            ],
            [
              72.91199109687679,
              19.135868846084676
            ],
            [
              72.9201060612242,
              19.14582185983926
            ]
          ]
        ]
      },
      "properties": {
        "zone": "87608b55dffffff",
        "rank": 27,
        "aqi_beyond_index": false,
        "reasoned": false,
        "priority_score": 0.7129,
        "aqi_latest": 67.0,
        "aqi_pred_delta": 28.9,
        "traffic_latest": 50.0,
        "traffic_pred_delta": 0.0,
        "ndvi_latest": 0.232,
        "ndvi_trend_per_year": -0.012,
        "ndvi_pred_delta": -0.1202,
        "plantable_space": 0.61,
        "plantable_source": "proxy_1_minus_ndvi",
        "n_sites": 0,
        "species": [],
        "justification": "",
        "components": {
          "aqi_worsening": 0.3712,
          "traffic_worsening": 0.0,
          "ndvi_decline": 0.1943,
          "low_green_cover": 0.0862,
          "plantable_space": 0.0613
        },
        "soil": {
          "ph": 6.6,
          "ph_class": "neutral",
          "texture": "clay loam",
          "texture_simple": "clay",
          "moisture": null,
          "soc": 222.0
        }
      }
    },
    {
      "type": "Feature",
      "geometry": {
        "type": "Polygon",
        "coordinates": [
          [
            [
              72.98080153530955,
              19.070915223536563
            ],
            [
              72.97676396892182,
              19.08256180482276
            ],
            [
              72.96460497630943,
              19.084252865838252
            ],
            [
              72.95648513671625,
              19.074299058074345
            ],
            [
              72.96052226048943,
              19.0626538490733
            ],
            [
              72.97267966669746,
              19.060961075530763
            ],
            [
              72.98080153530955,
              19.070915223536563
            ]
          ]
        ]
      },
      "properties": {
        "zone": "87608b560ffffff",
        "rank": 28,
        "aqi_beyond_index": false,
        "reasoned": false,
        "priority_score": 0.7098,
        "aqi_latest": 67.0,
        "aqi_pred_delta": 25.2,
        "traffic_latest": 50.0,
        "traffic_pred_delta": 0.0,
        "ndvi_latest": 0.165,
        "ndvi_trend_per_year": -0.0192,
        "ndvi_pred_delta": -0.1545,
        "plantable_space": 0.73,
        "plantable_source": "proxy_1_minus_ndvi",
        "n_sites": 0,
        "species": [],
        "justification": "",
        "components": {
          "aqi_worsening": 0.2814,
          "traffic_worsening": 0.0,
          "ndvi_decline": 0.2488,
          "low_green_cover": 0.107,
          "plantable_space": 0.0726
        }
      }
    },
    {
      "type": "Feature",
      "geometry": {
        "type": "Polygon",
        "coordinates": [
          [
            [
              72.8430582112408,
              19.03466853679758
            ],
            [
              72.8390233928306,
              19.046304024875884
            ],
            [
              72.82688866773846,
              19.047987847415474
            ],
            [
              72.81879034608713,
              19.03803790206978
            ],
            [
              72.82282471542803,
              19.02640379161944
            ],
            [
              72.83495785571434,
              19.024718248867977
            ],
            [
              72.8430582112408,
              19.03466853679758
            ]
          ]
        ]
      },
      "properties": {
        "zone": "87608b0a2ffffff",
        "rank": 29,
        "aqi_beyond_index": false,
        "reasoned": false,
        "priority_score": 0.7094,
        "aqi_latest": 67.0,
        "aqi_pred_delta": 29.2,
        "traffic_latest": 50.0,
        "traffic_pred_delta": 0.0,
        "ndvi_latest": 0.101,
        "ndvi_trend_per_year": -0.0022,
        "ndvi_pred_delta": -0.0668,
        "plantable_space": 0.83,
        "plantable_source": "proxy_1_minus_ndvi",
        "n_sites": 0,
        "species": [],
        "justification": "",
        "components": {
          "aqi_worsening": 0.3804,
          "traffic_worsening": 0.0,
          "ndvi_decline": 0.1193,
          "low_green_cover": 0.1265,
          "plantable_space": 0.0832
        }
      }
    },
    {
      "type": "Feature",
      "geometry": {
        "type": "Polygon",
        "coordinates": [
          [
            [
              72.82688866773846,
              19.047987847415474
            ],
            [
              72.82285392814181,
              19.059620488847038
            ],
            [
              72.81072131654831,
              19.061301807664446
            ],
            [
              72.80262502958439,
              19.05135220603036
            ],
            [
              72.806659319302,
              19.039720941886156
            ],
            [
              72.81879034608713,
              19.03803790206978
            ],
            [
              72.82688866773846,
              19.047987847415474
            ]
          ]
        ]
      },
      "properties": {
        "zone": "87608b084ffffff",
        "rank": 30,
        "aqi_beyond_index": false,
        "reasoned": false,
        "priority_score": 0.7087,
        "aqi_latest": 67.0,
        "aqi_pred_delta": 28.9,
        "traffic_latest": 50.0,
        "traffic_pred_delta": 0.0,
        "ndvi_latest": 0.204,
        "ndvi_trend_per_year": -0.0097,
        "ndvi_pred_delta": -0.1004,
        "plantable_space": 0.66,
        "plantable_source": "proxy_1_minus_ndvi",
        "n_sites": 0,
        "species": [],
        "justification": "",
        "components": {
          "aqi_worsening": 0.3712,
          "traffic_worsening": 0.0,
          "ndvi_decline": 0.1766,
          "low_green_cover": 0.0949,
          "plantable_space": 0.066
        }
      }
    },
    {
      "type": "Feature",
      "geometry": {
        "type": "Polygon",
        "coordinates": [
          [
            [
              72.82282471542803,
              19.02640379161944
            ],
            [
              72.81879034608713,
              19.03803790206978
            ],
            [
              72.806659319302,
              19.039720941886156
            ],
            [
              72.79856424661587,
              19.02977159258784
            ],
            [
              72.80259816595246,
              19.018138860707342
            ],
            [
              72.81472760820392,
              19.0164540995367
            ],
            [
              72.82282471542803,
              19.02640379161944
            ]
          ]
        ]
      },
      "properties": {
        "zone": "87608b0a3ffffff",
        "rank": 31,
        "aqi_beyond_index": false,
        "reasoned": false,
        "priority_score": 0.7036,
        "aqi_latest": 67.0,
        "aqi_pred_delta": 29.2,
        "traffic_latest": 50.0,
        "traffic_pred_delta": 0.0,
        "ndvi_latest": 0.079,
        "ndvi_trend_per_year": 0.0,
        "ndvi_pred_delta": 0.0,
        "plantable_space": 0.87,
        "plantable_source": "proxy_1_minus_ndvi",
        "n_sites": 0,
        "species": [],
        "justification": "",
        "components": {
          "aqi_worsening": 0.3804,
          "traffic_worsening": 0.0,
          "ndvi_decline": 0.1029,
          "low_green_cover": 0.1334,
          "plantable_space": 0.0869
        }
      }
    },
    {
      "type": "Feature",
      "geometry": {
        "type": "Polygon",
        "coordinates": [
          [
            [
              72.84722110003538,
              19.155889712851632
            ],
            [
              72.84318450876765,
              19.16751496429257
            ],
            [
              72.83104396901128,
              19.169187683504155
            ],
            [
              72.8229416069299,
              19.15923687045154
            ],
            [
              72.8269777489466,
              19.14761298988006
            ],
            [
              72.83911670252084,
              19.14593855147146
            ],
            [
              72.84722110003538,
              19.155889712851632
            ]
          ]
        ]
      },
      "properties": {
        "zone": "87608b461ffffff",
        "rank": 32,
        "aqi_beyond_index": false,
        "reasoned": false,
        "priority_score": 0.7011,
        "aqi_latest": 67.0,
        "aqi_pred_delta": 26.3,
        "traffic_latest": 50.0,
        "traffic_pred_delta": 0.0,
        "ndvi_latest": 0.207,
        "ndvi_trend_per_year": -0.0172,
        "ndvi_pred_delta": -0.0822,
        "plantable_space": 0.65,
        "plantable_source": "proxy_1_minus_ndvi",
        "n_sites": 0,
        "species": [],
        "justification": "",
        "components": {
          "aqi_worsening": 0.3079,
          "traffic_worsening": 0.0,
          "ndvi_decline": 0.2339,
          "low_green_cover": 0.0939,
          "plantable_space": 0.0655
        }
      }
    },
    {
      "type": "Feature",
      "geometry": {
        "type": "Polygon",
        "coordinates": [
          [
            [
              72.91195151812748,
              19.10264421794718
            ],
            [
              72.90791461860734,
              19.114280881949124
            ],
            [
              72.89576563377993,
              19.115963630301707
            ],
            [
              72.88765513486176,
              19.106011430687698
            ],
            [
              72.89169158838028,
              19.09437613891463
            ],
            [
              72.90383898704462,
              19.092691674506565
            ],
            [
              72.91195151812748,
              19.10264421794718
            ]
          ]
        ]
      },
      "properties": {
        "zone": "87608b54cffffff",
        "rank": 33,
        "aqi_beyond_index": false,
        "reasoned": false,
        "priority_score": 0.6957,
        "aqi_latest": 67.0,
        "aqi_pred_delta": 25.1,
        "traffic_latest": 50.0,
        "traffic_pred_delta": 0.0,
        "ndvi_latest": 0.209,
        "ndvi_trend_per_year": -0.0204,
        "ndvi_pred_delta": -0.0976,
        "plantable_space": 0.65,
        "plantable_source": "proxy_1_minus_ndvi",
        "n_sites": 0,
        "species": [],
        "justification": "",
        "components": {
          "aqi_worsening": 0.2793,
          "traffic_worsening": 0.0,
          "ndvi_decline": 0.2579,
          "low_green_cover": 0.0933,
          "plantable_space": 0.0651
        }
      }
    },
    {
      "type": "Feature",
      "geometry": {
        "type": "Polygon",
        "coordinates": [
          [
            [
              72.85516208295044,
              18.999753449112347
            ],
            [
              72.85112755633722,
              19.01139324804761
            ],
            [
              72.83899230402055,
              19.013081293486064
            ],
            [
              72.83089316307024,
              19.003131259747267
            ],
            [
              72.83492724129853,
              18.99149284006137
            ],
            [
              72.84706090908702,
              18.989803074846375
            ],
            [
              72.85516208295044,
              18.999753449112347
            ]
          ]
        ]
      },
      "properties": {
        "zone": "87608b0a4ffffff",
        "rank": 34,
        "aqi_beyond_index": false,
        "reasoned": false,
        "priority_score": 0.6934,
        "aqi_latest": 67.0,
        "aqi_pred_delta": 30.0,
        "traffic_latest": 50.0,
        "traffic_pred_delta": 0.0,
        "ndvi_latest": 0.275,
        "ndvi_trend_per_year": -0.0083,
        "ndvi_pred_delta": -0.1142,
        "plantable_space": 0.54,
        "plantable_source": "proxy_1_minus_ndvi",
        "n_sites": 0,
        "species": [],
        "justification": "",
        "components": {
          "aqi_worsening": 0.4,
          "traffic_worsening": 0.0,
          "ndvi_decline": 0.1663,
          "low_green_cover": 0.073,
          "plantable_space": 0.0541
        }
      }
    },
    {
      "type": "Feature",
      "geometry": {
        "type": "Polygon",
        "coordinates": [
          [
            [
              73.01335526260308,
              19.14398137398715
            ],
            [
              73.00931614722441,
              19.155624884907564
            ],
            [
              72.99714870468456,
              19.15731160906066
            ],
            [
              72.9890219652374,
              19.147356532556014
            ],
            [
              72.9930606393356,
              19.135714389118604
            ],
            [
              73.00522649438923,
              19.134025954681555
            ],
            [
              73.01335526260308,
              19.14398137398715
            ]
          ]
        ]
      },
      "properties": {
        "zone": "87608b572ffffff",
        "rank": 35,
        "aqi_beyond_index": false,
        "reasoned": false,
        "priority_score": 0.6903,
        "aqi_latest": 74.0,
        "aqi_pred_delta": 27.5,
        "traffic_latest": 50.0,
        "traffic_pred_delta": 0.0,
        "ndvi_latest": 0.299,
        "ndvi_trend_per_year": -0.0175,
        "ndvi_pred_delta": -0.1697,
        "plantable_space": 0.5,
        "plantable_source": "proxy_1_minus_ndvi",
        "n_sites": 0,
        "species": [],
        "justification": "",
        "components": {
          "aqi_worsening": 0.339,
          "traffic_worsening": 0.0,
          "ndvi_decline": 0.2355,
          "low_green_cover": 0.0657,
          "plantable_space": 0.0501
        }
      }
    },
    {
      "type": "Feature",
      "geometry": {
        "type": "Polygon",
        "coordinates": [
          [
            [
              72.95249220131143,
              19.11917974119311
            ],
            [
              72.94845441261381,
              19.13081914681115
            ],
            [
              72.93629804100985,
              19.13250348039947
            ],
            [
              72.9281810450262,
              19.12255012210117
            ],
            [
              72.9322183896065,
              19.1109120868172
            ],
            [
              72.94437317451455,
              19.109226039476866
            ],
            [
              72.95249220131143,
              19.11917974119311
            ]
          ]
        ]
      },
      "properties": {
        "zone": "87608b540ffffff",
        "rank": 36,
        "aqi_beyond_index": false,
        "reasoned": false,
        "priority_score": 0.6896,
        "aqi_latest": 67.0,
        "aqi_pred_delta": 27.4,
        "traffic_latest": 50.0,
        "traffic_pred_delta": 0.0,
        "ndvi_latest": 0.378,
        "ndvi_trend_per_year": -0.0226,
        "ndvi_pred_delta": -0.2582,
        "plantable_space": 0.37,
        "plantable_source": "proxy_1_minus_ndvi",
        "n_sites": 0,
        "species": [],
        "justification": "",
        "components": {
          "aqi_worsening": 0.3361,
          "traffic_worsening": 0.0,
          "ndvi_decline": 0.2749,
          "low_green_cover": 0.0416,
          "plantable_space": 0.037
        }
      }
    },
    {
      "type": "Feature",
      "geometry": {
        "type": "Polygon",
        "coordinates": [
          [
            [
              72.83908559207823,
              19.112732674766526
            ],
            [
              72.8350497415573,
              19.124360891175645
            ],
            [
              72.82291237389039,
              19.126037049144998
            ],
            [
              72.81481244260186,
              19.116086710608382
            ],
            [
              72.81884784362019,
              19.10445986763698
            ],
            [
              72.83098362565455,
              19.10278198974476
            ],
            [
              72.83908559207823,
              19.112732674766526
            ]
          ]
        ]
      },
      "properties": {
        "zone": "87608b090ffffff",
        "rank": 37,
        "aqi_beyond_index": false,
        "reasoned": false,
        "priority_score": 0.6879,
        "aqi_latest": 67.0,
        "aqi_pred_delta": 28.9,
        "traffic_latest": 50.0,
        "traffic_pred_delta": 0.0,
        "ndvi_latest": 0.225,
        "ndvi_trend_per_year": -0.0083,
        "ndvi_pred_delta": -0.0276,
        "plantable_space": 0.62,
        "plantable_source": "proxy_1_minus_ndvi",
        "n_sites": 0,
        "species": [],
        "justification": "",
        "components": {
          "aqi_worsening": 0.3712,
          "traffic_worsening": 0.0,
          "ndvi_decline": 0.1659,
          "low_green_cover": 0.0884,
          "plantable_space": 0.0625
        }
      }
    },
    {
      "type": "Feature",
      "geometry": {
        "type": "Polygon",
        "coordinates": [
          [
            [
              72.8269777489466,
              19.14761298988006
            ],
            [
              72.8229416069299,
              19.15923687045154
            ],
            [
              72.81080476831531,
              19.160908801762353
            ],
            [
              72.80270565785206,
              19.15095857282425
            ],
            [
              72.80674134968126,
              19.13933606406374
            ],
            [
              72.818876602386,
              19.137662412410332
            ],
            [
              72.8269777489466,
              19.14761298988006
            ]
          ]
        ]
      },
      "properties": {
        "zone": "87608b46cffffff",
        "rank": 38,
        "aqi_beyond_index": false,
        "reasoned": false,
        "priority_score": 0.6839,
        "aqi_latest": 67.0,
        "aqi_pred_delta": 30.0,
        "traffic_latest": 50.0,
        "traffic_pred_delta": 0.0,
        "ndvi_latest": 0.312,
        "ndvi_trend_per_year": -0.0094,
        "ndvi_pred_delta": -0.0928,
        "plantable_space": 0.48,
        "plantable_source": "proxy_1_minus_ndvi",
        "n_sites": 0,
        "species": [],
        "justification": "",
        "components": {
          "aqi_worsening": 0.4,
          "traffic_worsening": 0.0,
          "ndvi_decline": 0.1742,
          "low_green_cover": 0.0617,
          "plantable_space": 0.048
        }
      }
    },
    {
      "type": "Feature",
      "geometry": {
        "type": "Polygon",
        "coordinates": [
          [
            [
              72.85526100211348,
              19.09942294253091
            ],
            [
              72.85122507323499,
              19.111054010718966
            ],
            [
              72.83908559207823,
              19.112732674766526
            ],
            [
              72.83098362565455,
              19.10278198974476
            ],
            [
              72.83501910584127,
              19.091152295335686
            ],
            [
              72.8471570013686,
              19.08947191214972
            ],
            [
              72.85526100211348,
              19.09942294253091
            ]
          ]
        ]
      },
      "properties": {
        "zone": "87608b094ffffff",
        "rank": 39,
        "aqi_beyond_index": false,
        "reasoned": false,
        "priority_score": 0.6837,
        "aqi_latest": 67.0,
        "aqi_pred_delta": 28.9,
        "traffic_latest": 50.0,
        "traffic_pred_delta": 0.0,
        "ndvi_latest": 0.237,
        "ndvi_trend_per_year": -0.0085,
        "ndvi_pred_delta": -0.0425,
        "plantable_space": 0.6,
        "plantable_source": "proxy_1_minus_ndvi",
        "n_sites": 0,
        "species": [],
        "justification": "",
        "components": {
          "aqi_worsening": 0.3712,
          "traffic_worsening": 0.0,
          "ndvi_decline": 0.1673,
          "low_green_cover": 0.0847,
          "plantable_space": 0.0605
        }
      }
    },
    {
      "type": "Feature",
      "geometry": {
        "type": "Polygon",
        "coordinates": [
          [
            [
              72.90787551678899,
              19.081053533357473
            ],
            [
              72.90383898704462,
              19.092691674506565
            ],
            [
              72.89169158838028,
              19.09437613891463
            ],
            [
              72.88358230557536,
              19.08442417856951
            ],
            [
              72.88761838919083,
              19.072787410932698
            ],
            [
              72.89976420196608,
              19.07110123010889
            ],
            [
              72.90787551678899,
              19.081053533357473
            ]
          ]
        ]
      },
      "properties": {
        "zone": "87608b56bffffff",
        "rank": 40,
        "aqi_beyond_index": false,
        "reasoned": false,
        "priority_score": 0.6818,
        "aqi_latest": 67.0,
        "aqi_pred_delta": 30.0,
        "traffic_latest": 50.0,
        "traffic_pred_delta": 0.0,
        "ndvi_latest": 0.26,
        "ndvi_trend_per_year": -0.0059,
        "ndvi_pred_delta": -0.0451,
        "plantable_space": 0.57,
        "plantable_source": "proxy_1_minus_ndvi",
        "n_sites": 0,
        "species": [],
        "justification": "",
        "components": {
          "aqi_worsening": 0.4,
          "traffic_worsening": 0.0,
          "ndvi_decline": 0.1474,
          "low_green_cover": 0.0777,
          "plantable_space": 0.0567
        }
      }
    },
    {
      "type": "Feature",
      "geometry": {
        "type": "Polygon",
        "coordinates": [
          [
            [
              72.98488705487082,
              19.092516189995706
            ],
            [
              72.98084911927147,
              19.104161294998654
            ],
            [
              72.96868853998157,
              19.105850643847234
            ],
            [
              72.96056748319575,
              19.09589659983924
            ],
            [
              72.96460497630943,
              19.084252865838252
            ],
            [
              72.97676396892182,
              19.08256180482276
            ],
            [
              72.98488705487082,
              19.092516189995706
            ]
          ]
        ]
      },
      "properties": {
        "zone": "87608b562ffffff",
        "rank": 41,
        "aqi_beyond_index": false,
        "reasoned": false,
        "priority_score": 0.6763,
        "aqi_latest": 67.0,
        "aqi_pred_delta": 25.1,
        "traffic_latest": 50.0,
        "traffic_pred_delta": 0.0,
        "ndvi_latest": 0.447,
        "ndvi_trend_per_year": -0.0326,
        "ndvi_pred_delta": -0.4013,
        "plantable_space": 0.25,
        "plantable_source": "proxy_1_minus_ndvi",
        "n_sites": 0,
        "species": [],
        "justification": "",
        "components": {
          "aqi_worsening": 0.2805,
          "traffic_worsening": 0.0,
          "ndvi_decline": 0.35,
          "low_green_cover": 0.0203,
          "plantable_space": 0.0255
        }
      }
    },
    {
      "type": "Feature",
      "geometry": {
        "type": "Polygon",
        "coordinates": [
          [
            [
              72.89169158838028,
              19.09437613891463
            ],
            [
              72.88765513486176,
              19.106011430687698
            ],
            [
              72.87550984525434,
              19.107693388961025
            ],
            [
              72.867402595286,
              19.097741772646057
            ],
            [
              72.87143860186279,
              19.086107854047526
            ],
            [
              72.88358230557536,
              19.08442417856951
            ],
            [
              72.89169158838028,
              19.09437613891463
            ]
          ]
        ]
      },
      "properties": {
        "zone": "87608b54dffffff",
        "rank": 42,
        "aqi_beyond_index": false,
        "reasoned": false,
        "priority_score": 0.6732,
        "aqi_latest": 67.0,
        "aqi_pred_delta": 28.9,
        "traffic_latest": 50.0,
        "traffic_pred_delta": 0.0,
        "ndvi_latest": 0.196,
        "ndvi_trend_per_year": -0.0045,
        "ndvi_pred_delta": -0.0138,
        "plantable_space": 0.67,
        "plantable_source": "proxy_1_minus_ndvi",
        "n_sites": 0,
        "species": [],
        "justification": "",
        "components": {
          "aqi_worsening": 0.3712,
          "traffic_worsening": 0.0,
          "ndvi_decline": 0.1373,
          "low_green_cover": 0.0973,
          "plantable_space": 0.0673
        }
      }
    },
    {
      "type": "Feature",
      "geometry": {
        "type": "Polygon",
        "coordinates": [
          [
            [
              72.92813958545747,
              19.08931944920409
            ],
            [
              72.92410261052521,
              19.100958962918742
            ],
            [
              72.91195151812748,
              19.10264421794718
            ],
            [
              72.90383898704462,
              19.092691674506565
            ],
            [
              72.90787551678899,
              19.081053533357473
            ],
            [
              72.92002502303042,
              19.079366563063374
            ],
            [
              72.92813958545747,
              19.08931944920409
            ]
          ]
        ]
      },
      "properties": {
        "zone": "87608b56affffff",
        "rank": 43,
        "aqi_beyond_index": false,
        "reasoned": false,
        "priority_score": 0.6718,
        "aqi_latest": 67.0,
        "aqi_pred_delta": 30.0,
        "traffic_latest": 50.0,
        "traffic_pred_delta": 0.0,
        "ndvi_latest": 0.309,
        "ndvi_trend_per_year": -0.0076,
        "ndvi_pred_delta": -0.1332,
        "plantable_space": 0.48,
        "plantable_source": "proxy_1_minus_ndvi",
        "n_sites": 0,
        "species": [],
        "justification": "",
        "components": {
          "aqi_worsening": 0.4,
          "traffic_worsening": 0.0,
          "ndvi_decline": 0.1608,
          "low_green_cover": 0.0626,
          "plantable_space": 0.0484
        }
      }
    },
    {
      "type": "Feature",
      "geometry": {
        "type": "Polygon",
        "coordinates": [
          [
            [
              72.87143860186279,
              19.086107854047526
            ],
            [
              72.867402595286,
              19.097741772646057
            ],
            [
              72.85526100211348,
              19.09942294253091
            ],
            [
              72.8471570013686,
              19.08947191214972
            ],
            [
              72.85119256006494,
              19.07783936767019
            ],
            [
              72.863332567612,
              19.0761564794332
            ],
            [
              72.87143860186279,
              19.086107854047526
            ]
          ]
        ]
      },
      "properties": {
        "zone": "87608b0b2ffffff",
        "rank": 44,
        "aqi_beyond_index": false,
        "reasoned": false,
        "priority_score": 0.6706,
        "aqi_latest": 67.0,
        "aqi_pred_delta": 28.9,
        "traffic_latest": 50.0,
        "traffic_pred_delta": 0.0,
        "ndvi_latest": 0.244,
        "ndvi_trend_per_year": -0.0072,
        "ndvi_pred_delta": -0.0115,
        "plantable_space": 0.59,
        "plantable_source": "proxy_1_minus_ndvi",
        "n_sites": 0,
        "species": [],
        "justification": "",
        "components": {
          "aqi_worsening": 0.3712,
          "traffic_worsening": 0.0,
          "ndvi_decline": 0.1577,
          "low_green_cover": 0.0825,
          "plantable_space": 0.0593
        }
      }
    },
    {
      "type": "Feature",
      "geometry": {
        "type": "Polygon",
        "coordinates": [
          [
            [
              72.9606579601004,
              19.16236516568026
            ],
            [
              72.95661943228686,
              19.174001602883937
            ],
            [
              72.94445988647011,
              19.175682510060607
            ],
            [
              72.93634045593714,
              19.16572869303566
            ],
            [
              72.94037853989015,
              19.154093623597678
            ],
            [
              72.95253649846369,
              19.152411003397788
            ],
            [
              72.9606579601004,
              19.16236516568026
            ]
          ]
        ]
      },
      "properties": {
        "zone": "87608b551ffffff",
        "rank": 45,
        "aqi_beyond_index": false,
        "reasoned": false,
        "priority_score": 0.665,
        "aqi_latest": 67.0,
        "aqi_pred_delta": 25.7,
        "traffic_latest": 50.0,
        "traffic_pred_delta": 0.0,
        "ndvi_latest": 0.35,
        "ndvi_trend_per_year": -0.0232,
        "ndvi_pred_delta": -0.2243,
        "plantable_space": 0.42,
        "plantable_source": "proxy_1_minus_ndvi",
        "n_sites": 0,
        "species": [],
        "justification": "",
        "components": {
          "aqi_worsening": 0.2941,
          "traffic_worsening": 0.0,
          "ndvi_decline": 0.2791,
          "low_green_cover": 0.0501,
          "plantable_space": 0.0417
        }
      }
    },
    {
      "type": "Feature",
      "geometry": {
        "type": "Polygon",
        "coordinates": [
          [
            [
              72.84315292340213,
              19.134311816052378
            ],
            [
              72.83911670252084,
              19.14593855147146
            ],
            [
              72.8269777489466,
              19.14761298988006
            ],
            [
              72.818876602386,
              19.137662412410332
            ],
            [
              72.82291237389039,
              19.126037049144998
            ],
            [
              72.8350497415573,
              19.124360891175645
            ],
            [
              72.84315292340213,
              19.134311816052378
            ]
          ]
        ]
      },
      "properties": {
        "zone": "87608b092ffffff",
        "rank": 46,
        "aqi_beyond_index": false,
        "reasoned": false,
        "priority_score": 0.6585,
        "aqi_latest": 67.0,
        "aqi_pred_delta": 28.9,
        "traffic_latest": 50.0,
        "traffic_pred_delta": 0.0,
        "ndvi_latest": 0.237,
        "ndvi_trend_per_year": -0.0051,
        "ndvi_pred_delta": -0.0407,
        "plantable_space": 0.6,
        "plantable_source": "proxy_1_minus_ndvi",
        "n_sites": 0,
        "species": [],
        "justification": "",
        "components": {
          "aqi_worsening": 0.3712,
          "traffic_worsening": 0.0,
          "ndvi_decline": 0.142,
          "low_green_cover": 0.0848,
          "plantable_space": 0.0605
        }
      }
    },
    {
      "type": "Feature",
      "geometry": {
        "type": "Polygon",
        "coordinates": [
          [
            [
              72.85119256006494,
              19.07783936767019
            ],
            [
              72.8471570013686,
              19.08947191214972
            ],
            [
              72.83501910584127,
              19.091152295335686
            ],
            [
              72.82691835459016,
              19.081201853520636
            ],
            [
              72.83095346446878,
              19.069570684103454
            ],
            [
              72.84308977464126,
              19.067888581419567
            ],
            [
              72.85119256006494,
              19.07783936767019
            ]
          ]
        ]
      },
      "properties": {
        "zone": "87608b0b3ffffff",
        "rank": 47,
        "aqi_beyond_index": false,
        "reasoned": false,
        "priority_score": 0.6578,
        "aqi_latest": 67.0,
        "aqi_pred_delta": 28.2,
        "traffic_latest": 50.0,
        "traffic_pred_delta": 0.0,
        "ndvi_latest": 0.191,
        "ndvi_trend_per_year": -0.0042,
        "ndvi_pred_delta": -0.0025,
        "plantable_space": 0.68,
        "plantable_source": "proxy_1_minus_ndvi",
        "n_sites": 0,
        "species": [],
        "justification": "",
        "components": {
          "aqi_worsening": 0.3558,
          "traffic_worsening": 0.0,
          "ndvi_decline": 0.1347,
          "low_green_cover": 0.099,
          "plantable_space": 0.0683
        }
      }
    },
    {
      "type": "Feature",
      "geometry": {
        "type": "Polygon",
        "coordinates": [
          [
            [
              72.84702889317447,
              18.956568976435392
            ],
            [
              72.84299510638714,
              18.96821169753527
            ],
            [
              72.8308630228526,
              18.96990318287864
            ],
            [
              72.82276631030975,
              18.95995366758263
            ],
            [
              72.82679964846061,
              18.948312328295057
            ],
            [
              72.83893014801546,
              18.946619122473177
            ],
            [
              72.84702889317447,
              18.956568976435392
            ]
          ]
        ]
      },
      "properties": {
        "zone": "87608b189ffffff",
        "rank": 48,
        "aqi_beyond_index": false,
        "reasoned": false,
        "priority_score": 0.6575,
        "aqi_latest": 62.1,
        "aqi_pred_delta": 28.8,
        "traffic_latest": 50.0,
        "traffic_pred_delta": 0.0,
        "ndvi_latest": 0.252,
        "ndvi_trend_per_year": -0.0061,
        "ndvi_pred_delta": -0.1371,
        "plantable_space": 0.58,
        "plantable_source": "proxy_1_minus_ndvi",
        "n_sites": 0,
        "species": [],
        "justification": "",
        "components": {
          "aqi_worsening": 0.37,
          "traffic_worsening": 0.0,
          "ndvi_decline": 0.1494,
          "low_green_cover": 0.0801,
          "plantable_space": 0.058
        }
      }
    },
    {
      "type": "Feature",
      "geometry": {
        "type": "Polygon",
        "coordinates": [
          [
            [
              72.94841059369232,
              19.09758515414451
            ],
            [
              72.94437317451455,
              19.109226039476866
            ],
            [
              72.9322183896065,
              19.1109120868172
            ],
            [
              72.92410261052521,
              19.100958962918742
            ],
            [
              72.92813958545747,
              19.08931944920409
            ],
            [
              72.94029278394318,
              19.08763168774989
            ],
            [
              72.94841059369232,
              19.09758515414451
            ]
          ]
        ]
      },
      "properties": {
        "zone": "87608b545ffffff",
        "rank": 49,
        "aqi_beyond_index": false,
        "reasoned": false,
        "priority_score": 0.651,
        "aqi_latest": 67.0,
        "aqi_pred_delta": 25.1,
        "traffic_latest": 50.0,
        "traffic_pred_delta": 0.0,
        "ndvi_latest": 0.423,
        "ndvi_trend_per_year": -0.0277,
        "ndvi_pred_delta": -0.1885,
        "plantable_space": 0.29,
        "plantable_source": "proxy_1_minus_ndvi",
        "n_sites": 0,
        "species": [],
        "justification": "",
        "components": {
          "aqi_worsening": 0.2805,
          "traffic_worsening": 0.0,
          "ndvi_decline": 0.3133,
          "low_green_cover": 0.0277,
          "plantable_space": 0.0295
        }
      }
    },
    {
      "type": "Feature",
      "geometry": {
        "type": "Polygon",
        "coordinates": [
          [
            [
              72.81063792279406,
              18.96164437308949
            ],
            [
              72.80660466406324,
              18.97328287260422
            ],
            [
              72.79447839005515,
              18.974971077542573
            ],
            [
              72.78638695871169,
              18.965022505358416
            ],
            [
              72.79041976706321,
              18.953385388258805
            ],
            [
              72.80254445736156,
              18.951695460910397
            ],
            [
              72.81063792279406,
              18.96164437308949
            ]
          ]
        ]
      },
      "properties": {
        "zone": "87608b010ffffff",
        "rank": 50,
        "aqi_beyond_index": false,
        "reasoned": false,
        "priority_score": 0.6475,
        "aqi_latest": 62.1,
        "aqi_pred_delta": 28.8,
        "traffic_latest": 50.0,
        "traffic_pred_delta": 0.0,
        "ndvi_latest": 0.305,
        "ndvi_trend_per_year": -0.0082,
        "ndvi_pred_delta": -0.1862,
        "plantable_space": 0.49,
        "plantable_source": "proxy_1_minus_ndvi",
        "n_sites": 0,
        "species": [],
        "justification": "",
        "components": {
          "aqi_worsening": 0.3695,
          "traffic_worsening": 0.0,
          "ndvi_decline": 0.1649,
          "low_green_cover": 0.0639,
          "plantable_space": 0.0491
        }
      }
    },
    {
      "type": "Feature",
      "geometry": {
        "type": "Polygon",
        "coordinates": [
          [
            [
              72.8593302895495,
              19.12100528187762
            ],
            [
              72.85529399046285,
              19.132634870782006
            ],
            [
              72.84315292340213,
              19.134311816052378
            ],
            [
              72.8350497415573,
              19.124360891175645
            ],
            [
              72.83908559207823,
              19.112732674766526
            ],
            [
              72.85122507323499,
              19.111054010718966
            ],
            [
              72.8593302895495,
              19.12100528187762
            ]
          ]
        ]
      },
      "properties": {
        "zone": "87608b096ffffff",
        "rank": 51,
        "aqi_beyond_index": false,
        "reasoned": false,
        "priority_score": 0.644,
        "aqi_latest": 67.0,
        "aqi_pred_delta": 28.9,
        "traffic_latest": 50.0,
        "traffic_pred_delta": 0.0,
        "ndvi_latest": 0.239,
        "ndvi_trend_per_year": -0.0034,
        "ndvi_pred_delta": -0.0322,
        "plantable_space": 0.6,
        "plantable_source": "proxy_1_minus_ndvi",
        "n_sites": 0,
        "species": [],
        "justification": "",
        "components": {
          "aqi_worsening": 0.3712,
          "traffic_worsening": 0.0,
          "ndvi_decline": 0.1287,
          "low_green_cover": 0.084,
          "plantable_space": 0.0601
        }
      }
    },
    {
      "type": "Feature",
      "geometry": {
        "type": "Polygon",
        "coordinates": [
          [
            [
              72.88761838919083,
              19.072787410932698
            ],
            [
              72.88358230557536,
              19.08442417856951
            ],
            [
              72.87143860186279,
              19.086107854047526
            ],
            [
              72.863332567612,
              19.0761564794332
            ],
            [
              72.86736820415899,
              19.064521086254157
            ],
            [
              72.87951032225085,
              19.062835693212065
            ],
            [
              72.88761838919083,
              19.072787410932698
            ]
          ]
        ]
      },
      "properties": {
        "zone": "87608b0b6ffffff",
        "rank": 52,
        "aqi_beyond_index": false,
        "reasoned": false,
        "priority_score": 0.6439,
        "aqi_latest": 67.0,
        "aqi_pred_delta": 28.9,
        "traffic_latest": 50.0,
        "traffic_pred_delta": 0.0,
        "ndvi_latest": 0.239,
        "ndvi_trend_per_year": -0.0034,
        "ndvi_pred_delta": -0.0435,
        "plantable_space": 0.6,
        "plantable_source": "proxy_1_minus_ndvi",
        "n_sites": 0,
        "species": [],
        "justification": "",
        "components": {
          "aqi_worsening": 0.3712,
          "traffic_worsening": 0.0,
          "ndvi_decline": 0.1287,
          "low_green_cover": 0.084,
          "plantable_space": 0.0601
        }
      }
    },
    {
      "type": "Feature",
      "geometry": {
        "type": "Polygon",
        "coordinates": [
          [
            [
              72.91183283695383,
              19.00293658557946
            ],
            [
              72.9077973403579,
              19.0145819830244
            ],
            [
              72.89565259094289,
              19.016274101264973
            ],
            [
              72.88754492341093,
              19.006322538734604
            ],
            [
              72.89157997430928,
              18.99467851898571
            ],
            [
              72.90372313866297,
              18.99298468405216
            ],
            [
              72.91183283695383,
              19.00293658557946
            ]
          ]
        ]
      },
      "properties": {
        "zone": "87608b19cffffff",
        "rank": 53,
        "aqi_beyond_index": false,
        "reasoned": false,
        "priority_score": 0.6424,
        "aqi_latest": 67.0,
        "aqi_pred_delta": 27.5,
        "traffic_latest": 50.0,
        "traffic_pred_delta": 0.0,
        "ndvi_latest": 0.256,
        "ndvi_trend_per_year": -0.0086,
        "ndvi_pred_delta": -0.1312,
        "plantable_space": 0.57,
        "plantable_source": "proxy_1_minus_ndvi",
        "n_sites": 0,
        "species": [],
        "justification": "",
        "components": {
          "aqi_worsening": 0.3378,
          "traffic_worsening": 0.0,
          "ndvi_decline": 0.1684,
          "low_green_cover": 0.079,
          "plantable_space": 0.0574
        },
        "soil": {
          "ph": 6.5,
          "ph_class": "neutral",
          "texture": "clay loam",
          "texture_simple": "clay",
          "moisture": null,
          "soc": 269.0
        }
      }
    },
    {
      "type": "Feature",
      "geometry": {
        "type": "Polygon",
        "coordinates": [
          [
            [
              72.85922994492513,
              19.02134387743285
            ],
            [
              72.85519504835995,
              19.03298221078207
            ],
            [
              72.8430582112408,
              19.03466853679758
            ],
            [
              72.83495785571434,
              19.024718248867977
            ],
            [
              72.83899230402055,
              19.013081293486064
            ],
            [
              72.85112755633722,
              19.01139324804761
            ],
            [
              72.85922994492513,
              19.02134387743285
            ]
          ]
        ]
      },
      "properties": {
        "zone": "87608b0a6ffffff",
        "rank": 54,
        "aqi_beyond_index": false,
        "reasoned": false,
        "priority_score": 0.6336,
        "aqi_latest": 67.0,
        "aqi_pred_delta": 30.8,
        "traffic_latest": 50.0,
        "traffic_pred_delta": 0.0,
        "ndvi_latest": 0.314,
        "ndvi_trend_per_year": -0.0029,
        "ndvi_pred_delta": -0.1355,
        "plantable_space": 0.48,
        "plantable_source": "proxy_1_minus_ndvi",
        "n_sites": 0,
        "species": [],
        "justification": "",
        "components": {
          "aqi_worsening": 0.4,
          "traffic_worsening": 0.0,
          "ndvi_decline": 0.1247,
          "low_green_cover": 0.0612,
          "plantable_space": 0.0477
        }
      }
    },
    {
      "type": "Feature",
      "geometry": {
        "type": "Polygon",
        "coordinates": [
          [
            [
              72.96460497630943,
              19.084252865838252
            ],
            [
              72.96056748319575,
              19.09589659983924
            ],
            [
              72.94841059369232,
              19.09758515414451
            ],
            [
              72.94029278394318,
              19.08763168774989
            ],
            [
              72.94432983362655,
              19.075989325700952
            ],
            [
              72.95648513671625,
              19.074299058074345
            ],
            [
              72.96460497630943,
              19.084252865838252
            ]
          ]
        ]
      },
      "properties": {
        "zone": "87608b563ffffff",
        "rank": 55,
        "aqi_beyond_index": false,
        "reasoned": false,
        "priority_score": 0.6309,
        "aqi_latest": 67.0,
        "aqi_pred_delta": 27.1,
        "traffic_latest": 50.0,
        "traffic_pred_delta": 0.0,
        "ndvi_latest": 0.375,
        "ndvi_trend_per_year": -0.0159,
        "ndvi_pred_delta": -0.1949,
        "plantable_space": 0.38,
        "plantable_source": "proxy_1_minus_ndvi",
        "n_sites": 0,
        "species": [],
        "justification": "",
        "components": {
          "aqi_worsening": 0.3274,
          "traffic_worsening": 0.0,
          "ndvi_decline": 0.2236,
          "low_green_cover": 0.0425,
          "plantable_space": 0.0375
        }
      }
    },
    {
      "type": "Feature",
      "geometry": {
        "type": "Polygon",
        "coordinates": [
          [
            [
              72.85109506577427,
              18.97816181332695
            ],
            [
              72.84706090908702,
              18.989803074846375
            ],
            [
              72.83492724129853,
              18.99149284006137
            ],
            [
              72.82682931467608,
              18.98154306386702
            ],
            [
              72.8308630228526,
              18.96990318287864
            ],
            [
              72.84299510638714,
              18.96821169753527
            ],
            [
              72.85109506577427,
              18.97816181332695
            ]
          ]
        ]
      },
      "properties": {
        "zone": "87608b18bffffff",
        "rank": 56,
        "aqi_beyond_index": false,
        "reasoned": false,
        "priority_score": 0.6296,
        "aqi_latest": 62.1,
        "aqi_pred_delta": 28.8,
        "traffic_latest": 50.0,
        "traffic_pred_delta": 0.0,
        "ndvi_latest": 0.257,
        "ndvi_trend_per_year": -0.0028,
        "ndvi_pred_delta": -0.0663,
        "plantable_space": 0.57,
        "plantable_source": "proxy_1_minus_ndvi",
        "n_sites": 0,
        "species": [],
        "justification": "",
        "components": {
          "aqi_worsening": 0.3695,
          "traffic_worsening": 0.0,
          "ndvi_decline": 0.1244,
          "low_green_cover": 0.0786,
          "plantable_space": 0.0571
        }
      }
    },
    {
      "type": "Feature",
      "geometry": {
        "type": "Polygon",
        "coordinates": [
          [
            [
              72.94432983362655,
              19.075989325700952
            ],
            [
              72.94029278394318,
              19.08763168774989
            ],
            [
              72.92813958545747,
              19.08931944920409
            ],
            [
              72.92002502303042,
              19.079366563063374
            ],
            [
              72.92406162834017,
              19.067725573915407
            ],
            [
              72.93621324067715,
              19.06603609798717
            ],
            [
              72.94432983362655,
              19.075989325700952
            ]
          ]
        ]
      },
      "properties": {
        "zone": "87608b56effffff",
        "rank": 57,
        "aqi_beyond_index": false,
        "reasoned": false,
        "priority_score": 0.6281,
        "aqi_latest": 67.0,
        "aqi_pred_delta": 27.7,
        "traffic_latest": 50.0,
        "traffic_pred_delta": 0.0,
        "ndvi_latest": 0.389,
        "ndvi_trend_per_year": -0.0143,
        "ndvi_pred_delta": -0.1422,
        "plantable_space": 0.35,
        "plantable_source": "proxy_1_minus_ndvi",
        "n_sites": 0,
        "species": [],
        "justification": "",
        "components": {
          "aqi_worsening": 0.3429,
          "traffic_worsening": 0.0,
          "ndvi_decline": 0.2118,
          "low_green_cover": 0.0382,
          "plantable_space": 0.0352
        }
      }
    },
    {
      "type": "Feature",
      "geometry": {
        "type": "Polygon",
        "coordinates": [
          [
            [
              72.87550984525434,
              19.107693388961025
            ],
            [
              72.87147346862184,
              19.11932582998461
            ],
            [
              72.8593302895495,
              19.12100528187762
            ],
            [
              72.85122507323499,
              19.111054010718966
            ],
            [
              72.85526100211348,
              19.09942294253091
            ],
            [
              72.867402595286,
              19.097741772646057
            ],
            [
              72.87550984525434,
              19.107693388961025
            ]
          ]
        ]
      },
      "properties": {
        "zone": "87608b549ffffff",
        "rank": 58,
        "aqi_beyond_index": false,
        "reasoned": false,
        "priority_score": 0.6239,
        "aqi_latest": 67.0,
        "aqi_pred_delta": 30.0,
        "traffic_latest": 50.0,
        "traffic_pred_delta": 0.0,
        "ndvi_latest": 0.291,
        "ndvi_trend_per_year": -0.0001,
        "ndvi_pred_delta": -0.0523,
        "plantable_space": 0.52,
        "plantable_source": "proxy_1_minus_ndvi",
        "n_sites": 0,
        "species": [],
        "justification": "",
        "components": {
          "aqi_worsening": 0.4,
          "traffic_worsening": 0.0,
          "ndvi_decline": 0.1041,
          "low_green_cover": 0.0683,
          "plantable_space": 0.0515
        }
      }
    },
    {
      "type": "Feature",
      "geometry": {
        "type": "Polygon",
        "coordinates": [
          [
            [
              72.82679964846061,
              18.948312328295057
            ],
            [
              72.82276631030975,
              18.95995366758263
            ],
            [
              72.81063792279406,
              18.96164437308949
            ],
            [
              72.80254445736156,
              18.951695460910397
            ],
            [
              72.80657734594148,
              18.940055504377643
            ],
            [
              72.81870414974918,
              18.938363077251385
            ],
            [
              72.82679964846061,
              18.948312328295057
            ]
          ]
        ]
      },
      "properties": {
        "zone": "87608b014ffffff",
        "rank": 59,
        "aqi_beyond_index": false,
        "reasoned": false,
        "priority_score": 0.6214,
        "aqi_latest": 62.1,
        "aqi_pred_delta": 27.0,
        "traffic_latest": 50.0,
        "traffic_pred_delta": 0.0,
        "ndvi_latest": 0.142,
        "ndvi_trend_per_year": -0.0004,
        "ndvi_pred_delta": -0.0548,
        "plantable_space": 0.76,
        "plantable_source": "proxy_1_minus_ndvi",
        "n_sites": 0,
        "species": [],
        "justification": "",
        "components": {
          "aqi_worsening": 0.3253,
          "traffic_worsening": 0.0,
          "ndvi_decline": 0.1056,
          "low_green_cover": 0.114,
          "plantable_space": 0.0764
        }
      }
    },
    {
      "type": "Feature",
      "geometry": {
        "type": "Polygon",
        "coordinates": [
          [
            [
              72.86726507861242,
              18.96482544449921
            ],
            [
              72.86323084412453,
              18.97646954646777
            ],
            [
              72.85109506577427,
              18.97816181332695
            ],
            [
              72.84299510638714,
              18.96821169753527
            ],
            [
              72.84702889317447,
              18.956568976435392
            ],
            [
              72.85916308727451,
              18.95487499024026
            ],
            [
              72.86726507861242,
              18.96482544449921
            ]
          ]
        ]
      },
      "properties": {
        "zone": "87608b188ffffff",
        "rank": 60,
        "aqi_beyond_index": false,
        "reasoned": false,
        "priority_score": 0.6116,
        "aqi_latest": 62.1,
        "aqi_pred_delta": 27.0,
        "traffic_latest": 50.0,
        "traffic_pred_delta": 0.0,
        "ndvi_latest": 0.185,
        "ndvi_trend_per_year": -0.0017,
        "ndvi_pred_delta": -0.1168,
        "plantable_space": 0.69,
        "plantable_source": "proxy_1_minus_ndvi",
        "n_sites": 0,
        "species": [],
        "justification": "",
        "components": {
          "aqi_worsening": 0.3253,
          "traffic_worsening": 0.0,
          "ndvi_decline": 0.1162,
          "low_green_cover": 0.1008,
          "plantable_space": 0.0692
        }
      }
    },
    {
      "type": "Feature",
      "geometry": {
        "type": "Polygon",
        "coordinates": [
          [
            [
              72.8308630228526,
              18.96990318287864
            ],
            [
              72.82682931467608,
              18.98154306386702
            ],
            [
              72.81469934317796,
              18.983232048103797
            ],
            [
              72.80660466406324,
              18.97328287260422
            ],
            [
              72.81063792279406,
              18.96164437308949
            ],
            [
              72.82276631030975,
              18.95995366758263
            ],
            [
              72.8308630228526,
              18.96990318287864
            ]
          ]
        ]
      },
      "properties": {
        "zone": "87608b016ffffff",
        "rank": 61,
        "aqi_beyond_index": false,
        "reasoned": false,
        "priority_score": 0.6112,
        "aqi_latest": 62.1,
        "aqi_pred_delta": 28.4,
        "traffic_latest": 50.0,
        "traffic_pred_delta": 0.0,
        "ndvi_latest": 0.239,
        "ndvi_trend_per_year": -0.0007,
        "ndvi_pred_delta": -0.0627,
        "plantable_space": 0.6,
        "plantable_source": "proxy_1_minus_ndvi",
        "n_sites": 0,
        "species": [],
        "justification": "",
        "components": {
          "aqi_worsening": 0.3591,
          "traffic_worsening": 0.0,
          "ndvi_decline": 0.1079,
          "low_green_cover": 0.0841,
          "plantable_space": 0.0601
        }
      }
    },
    {
      "type": "Feature",
      "geometry": {
        "type": "Polygon",
        "coordinates": [
          [
            [
              72.88365486999064,
              19.150860734755717
            ],
            [
              72.87961775316904,
              19.162490211653502
            ],
            [
              72.86747140147388,
              19.16416622865059
            ],
            [
              72.85936375327465,
              19.154214485995524
            ],
            [
              72.86340042259548,
              19.14258637936523
            ],
            [
              72.87554518784201,
              19.140908645102023
            ],
            [
              72.88365486999064,
              19.150860734755717
            ]
          ]
        ]
      },
      "properties": {
        "zone": "87608b464ffffff",
        "rank": 62,
        "aqi_beyond_index": false,
        "reasoned": false,
        "priority_score": 0.6066,
        "aqi_latest": 67.0,
        "aqi_pred_delta": 25.1,
        "traffic_latest": 50.0,
        "traffic_pred_delta": 0.0,
        "ndvi_latest": 0.441,
        "ndvi_trend_per_year": -0.023,
        "ndvi_pred_delta": -0.2795,
        "plantable_space": 0.26,
        "plantable_source": "proxy_1_minus_ndvi",
        "n_sites": 0,
        "species": [],
        "justification": "",
        "components": {
          "aqi_worsening": 0.2805,
          "traffic_worsening": 0.0,
          "ndvi_decline": 0.2776,
          "low_green_cover": 0.0221,
          "plantable_space": 0.0264
        },
        "soil": {
          "ph": 6.35,
          "ph_class": "acidic",
          "texture": "clay loam",
          "texture_simple": "clay",
          "moisture": null,
          "soc": 232.0
        }
      }
    },
    {
      "type": "Feature",
      "geometry": {
        "type": "Polygon",
        "coordinates": [
          [
            [
              72.83899230402055,
              19.013081293486064
            ],
            [
              72.83495785571434,
              19.024718248867977
            ],
            [
              72.82282471542803,
              19.02640379161944
            ],
            [
              72.81472760820392,
              19.0164540995367
            ],
            [
              72.81876160731524,
              19.004818523065
            ],
            [
              72.83089316307024,
              19.003131259747267
            ],
            [
              72.83899230402055,
              19.013081293486064
            ]
          ]
        ]
      },
      "properties": {
        "zone": "87608b0a0ffffff",
        "rank": 63,
        "aqi_beyond_index": false,
        "reasoned": false,
        "priority_score": 0.6057,
        "aqi_latest": 67.0,
        "aqi_pred_delta": 25.3,
        "traffic_latest": 50.0,
        "traffic_pred_delta": 0.0,
        "ndvi_latest": 0.196,
        "ndvi_trend_per_year": -0.0071,
        "ndvi_pred_delta": -0.0974,
        "plantable_space": 0.67,
        "plantable_source": "proxy_1_minus_ndvi",
        "n_sites": 0,
        "species": [],
        "justification": "",
        "components": {
          "aqi_worsening": 0.2839,
          "traffic_worsening": 0.0,
          "ndvi_decline": 0.1572,
          "low_green_cover": 0.0973,
          "plantable_space": 0.0673
        }
      }
    },
    {
      "type": "Feature",
      "geometry": {
        "type": "Polygon",
        "coordinates": [
          [
            [
              72.84296356492884,
              18.934974944798306
            ],
            [
              72.83893014801546,
              18.946619122473177
            ],
            [
              72.82679964846061,
              18.948312328295057
            ],
            [
              72.81870414974918,
              18.938363077251385
            ],
            [
              72.82273711790053,
              18.926720282669777
            ],
            [
              72.8348660337499,
              18.925025356020882
            ],
            [
              72.84296356492884,
              18.934974944798306
            ]
          ]
        ]
      },
      "properties": {
        "zone": "87608b032ffffff",
        "rank": 64,
        "aqi_beyond_index": false,
        "reasoned": false,
        "priority_score": 0.6036,
        "aqi_latest": 62.1,
        "aqi_pred_delta": 28.8,
        "traffic_latest": 50.0,
        "traffic_pred_delta": 0.0,
        "ndvi_latest": 0.266,
        "ndvi_trend_per_year": 0.0001,
        "ndvi_pred_delta": -0.1125,
        "plantable_space": 0.56,
        "plantable_source": "proxy_1_minus_ndvi",
        "n_sites": 0,
        "species": [],
        "justification": "",
        "components": {
          "aqi_worsening": 0.3695,
          "traffic_worsening": 0.0,
          "ndvi_decline": 0.1025,
          "low_green_cover": 0.0759,
          "plantable_space": 0.0557
        }
      }
    },
    {
      "type": "Feature",
      "geometry": {
        "type": "Polygon",
        "coordinates": [
          [
            [
              72.95630622131522,
              18.9412836892675
            ],
            [
              72.95227086966644,
              18.952939065142786
            ],
            [
              72.94012139138285,
              18.954640406662833
            ],
            [
              72.93200884974003,
              18.94468808694111
            ],
            [
              72.9360437580034,
              18.933034091042625
            ],
            [
              72.94819165152141,
              18.931331034870453
            ],
            [
              72.95630622131522,
              18.9412836892675
            ]
          ]
        ]
      },
      "properties": {
        "zone": "87608b1a2ffffff",
        "rank": 65,
        "aqi_beyond_index": false,
        "reasoned": false,
        "priority_score": 0.5965,
        "aqi_latest": 62.1,
        "aqi_pred_delta": 25.0,
        "traffic_latest": 50.0,
        "traffic_pred_delta": 0.0,
        "ndvi_latest": 0.186,
        "ndvi_trend_per_year": -0.0063,
        "ndvi_pred_delta": -0.0354,
        "plantable_space": 0.69,
        "plantable_source": "proxy_1_minus_ndvi",
        "n_sites": 0,
        "species": [],
        "justification": "",
        "components": {
          "aqi_worsening": 0.2763,
          "traffic_worsening": 0.0,
          "ndvi_decline": 0.1508,
          "low_green_cover": 0.1004,
          "plantable_space": 0.069
        }
      }
    },
    {
      "type": "Feature",
      "geometry": {
        "type": "Polygon",
        "coordinates": [
          [
            [
              72.95644039229894,
              19.041053599914704
            ],
            [
              72.95240363784092,
              19.052700280913996
            ],
            [
              72.94024992089159,
              19.054392262221253
            ],
            [
              72.9321345444939,
              19.04443927654775
            ],
            [
              72.93617085526489,
              19.032793970066308
            ],
            [
              72.94832298634724,
              19.0311002747208
            ],
            [
              72.95644039229894,
              19.041053599914704
            ]
          ]
        ]
      },
      "properties": {
        "zone": "87608b192ffffff",
        "rank": 66,
        "aqi_beyond_index": false,
        "reasoned": false,
        "priority_score": 0.5914,
        "aqi_latest": 67.0,
        "aqi_pred_delta": 25.9,
        "traffic_latest": 50.0,
        "traffic_pred_delta": 0.0,
        "ndvi_latest": 0.394,
        "ndvi_trend_per_year": -0.0154,
        "ndvi_pred_delta": -0.206,
        "plantable_space": 0.34,
        "plantable_source": "proxy_1_minus_ndvi",
        "n_sites": 0,
        "species": [],
        "justification": "",
        "components": {
          "aqi_worsening": 0.3004,
          "traffic_worsening": 0.0,
          "ndvi_decline": 0.2202,
          "low_green_cover": 0.0365,
          "plantable_space": 0.0343
        }
      }
    },
    {
      "type": "Feature",
      "geometry": {
        "type": "Polygon",
        "coordinates": [
          [
            [
              72.93209263652399,
              19.011194455599
            ],
            [
              72.92805669517098,
              19.02284122979265
            ],
            [
              72.9159082543108,
              19.02453413574275
            ],
            [
              72.9077973403579,
              19.0145819830244
            ],
            [
              72.91183283695383,
              19.00293658557946
            ],
            [
              72.92397969248591,
              19.001241964084926
            ],
            [
              72.93209263652399,
              19.011194455599
            ]
          ]
        ]
      },
      "properties": {
        "zone": "87608b191ffffff",
        "rank": 67,
        "aqi_beyond_index": false,
        "reasoned": false,
        "priority_score": 0.5899,
        "aqi_latest": 67.0,
        "aqi_pred_delta": 24.0,
        "traffic_latest": 50.0,
        "traffic_pred_delta": 0.0,
        "ndvi_latest": 0.419,
        "ndvi_trend_per_year": -0.0231,
        "ndvi_pred_delta": -0.3013,
        "plantable_space": 0.3,
        "plantable_source": "proxy_1_minus_ndvi",
        "n_sites": 0,
        "species": [],
        "justification": "",
        "components": {
          "aqi_worsening": 0.2528,
          "traffic_worsening": 0.0,
          "ndvi_decline": 0.2782,
          "low_green_cover": 0.0288,
          "plantable_space": 0.0301
        },
        "soil": {
          "ph": 6.4,
          "ph_class": "acidic",
          "texture": "clay loam",
          "texture_simple": "clay",
          "moisture": null,
          "soc": 298.0
        }
      }
    },
    {
      "type": "Feature",
      "geometry": {
        "type": "Polygon",
        "coordinates": [
          [
            [
              72.9199845180321,
              19.046130467308526
            ],
            [
              72.91594828231923,
              19.05777292889052
            ],
            [
              72.90380036196035,
              19.059461614809663
            ],
            [
              72.8956902631492,
              19.04950955511
            ],
            [
              72.89972605341912,
              19.03786846865955
            ],
            [
              72.91187238816921,
              19.036178066757685
            ],
            [
              72.9199845180321,
              19.046130467308526
            ]
          ]
        ]
      },
      "properties": {
        "zone": "87608b56dffffff",
        "rank": 68,
        "aqi_beyond_index": false,
        "reasoned": false,
        "priority_score": 0.5872,
        "aqi_latest": 67.0,
        "aqi_pred_delta": 26.9,
        "traffic_latest": 50.0,
        "traffic_pred_delta": 0.0,
        "ndvi_latest": 0.321,
        "ndvi_trend_per_year": -0.0072,
        "ndvi_pred_delta": -0.1488,
        "plantable_space": 0.46,
        "plantable_source": "proxy_1_minus_ndvi",
        "n_sites": 0,
        "species": [],
        "justification": "",
        "components": {
          "aqi_worsening": 0.324,
          "traffic_worsening": 0.0,
          "ndvi_decline": 0.1578,
          "low_green_cover": 0.0589,
          "plantable_space": 0.0465
        }
      }
    },
    {
      "type": "Feature",
      "geometry": {
        "type": "Polygon",
        "coordinates": [
          [
            [
              72.89972605341912,
              19.03786846865955
            ],
            [
              72.8956902631492,
              19.04950955511
            ],
            [
              72.8835460359891,
              19.051197452708152
            ],
            [
              72.87543918466586,
              19.041245980967716
            ],
            [
              72.87947452855273,
              19.029606270595245
            ],
            [
              72.89161717037162,
              19.02791665586591
            ],
            [
              72.89972605341912,
              19.03786846865955
            ]
          ]
        ]
      },
      "properties": {
        "zone": "87608b19affffff",
        "rank": 69,
        "aqi_beyond_index": false,
        "reasoned": false,
        "priority_score": 0.5764,
        "aqi_latest": 67.0,
        "aqi_pred_delta": 26.9,
        "traffic_latest": 50.0,
        "traffic_pred_delta": 0.0,
        "ndvi_latest": 0.328,
        "ndvi_trend_per_year": -0.0062,
        "ndvi_pred_delta": -0.1174,
        "plantable_space": 0.45,
        "plantable_source": "proxy_1_minus_ndvi",
        "n_sites": 0,
        "species": [],
        "justification": "",
        "components": {
          "aqi_worsening": 0.324,
          "traffic_worsening": 0.0,
          "ndvi_decline": 0.1502,
          "low_green_cover": 0.0569,
          "plantable_space": 0.0453
        }
      }
    },
    {
      "type": "Feature",
      "geometry": {
        "type": "Polygon",
        "coordinates": [
          [
            [
              73.00926524063551,
              19.122380960195144
            ],
            [
              73.00522649438923,
              19.134025954681555
            ],
            [
              72.9930606393356,
              19.135714389118604
            ],
            [
              72.9849351179691,
              19.1257595396964
            ],
            [
              72.98897342280527,
              19.114115913976995
            ],
            [
              73.00113769064572,
              19.11242576889175
            ],
            [
              73.00926524063551,
              19.122380960195144
            ]
          ]
        ]
      },
      "properties": {
        "zone": "87608b570ffffff",
        "rank": 70,
        "aqi_beyond_index": false,
        "reasoned": false,
        "priority_score": 0.5724,
        "aqi_latest": 67.0,
        "aqi_pred_delta": 25.9,
        "traffic_latest": 50.0,
        "traffic_pred_delta": 0.0,
        "ndvi_latest": 0.401,
        "ndvi_trend_per_year": -0.0134,
        "ndvi_pred_delta": -0.1864,
        "plantable_space": 0.33,
        "plantable_source": "proxy_1_minus_ndvi",
        "n_sites": 0,
        "species": [],
        "justification": "",
        "components": {
          "aqi_worsening": 0.2997,
          "traffic_worsening": 0.0,
          "ndvi_decline": 0.205,
          "low_green_cover": 0.0345,
          "plantable_space": 0.0332
        },
        "soil": {
          "ph": 6.45,
          "ph_class": "acidic",
          "texture": "clay loam",
          "texture_simple": "clay",
          "moisture": null,
          "soc": 250.5
        }
      }
    },
    {
      "type": "Feature",
      "geometry": {
        "type": "Polygon",
        "coordinates": [
          [
            [
              72.99685193571983,
              18.957782295821197
            ],
            [
              72.99281570012977,
              18.969440428797864
            ],
            [
              72.98065884966155,
              18.97114334832205
            ],
            [
              72.97253982030273,
              18.96118984720004
            ],
            [
              72.97657561439419,
              18.949533092298296
            ],
            [
              72.9887308795702,
              18.947828460424613
            ],
            [
              72.99685193571983,
              18.957782295821197
            ]
          ]
        ]
      },
      "properties": {
        "zone": "87608b1b4ffffff",
        "rank": 71,
        "aqi_beyond_index": false,
        "reasoned": false,
        "priority_score": 0.5682,
        "aqi_latest": 62.1,
        "aqi_pred_delta": 24.7,
        "traffic_latest": 50.0,
        "traffic_pred_delta": 0.0,
        "ndvi_latest": 0.397,
        "ndvi_trend_per_year": -0.0166,
        "ndvi_pred_delta": -0.2007,
        "plantable_space": 0.34,
        "plantable_source": "proxy_1_minus_ndvi",
        "n_sites": 0,
        "species": [],
        "justification": "",
        "components": {
          "aqi_worsening": 0.2699,
          "traffic_worsening": 0.0,
          "ndvi_decline": 0.2287,
          "low_green_cover": 0.0358,
          "plantable_space": 0.0339
        },
        "soil": {
          "ph": 6.5,
          "ph_class": "neutral",
          "texture": "clay loam",
          "texture_simple": "clay",
          "moisture": null,
          "soc": 336.0
        }
      }
    },
    {
      "type": "Feature",
      "geometry": {
        "type": "Polygon",
        "coordinates": [
          [
            [
              72.89984052561226,
              19.137549878743677
            ],
            [
              72.89580333221036,
              19.149182209806675
            ],
            [
              72.88365486999064,
              19.150860734755717
            ],
            [
              72.87554518784201,
              19.140908645102023
            ],
            [
              72.87958193455611,
              19.129277684645967
            ],
            [
              72.89172881033261,
              19.127597443216203
            ],
            [
              72.89984052561226,
              19.137549878743677
            ]
          ]
        ]
      },
      "properties": {
        "zone": "87608b54affffff",
        "rank": 72,
        "aqi_beyond_index": false,
        "reasoned": false,
        "priority_score": 0.5672,
        "aqi_latest": 67.0,
        "aqi_pred_delta": 26.0,
        "traffic_latest": 50.0,
        "traffic_pred_delta": 0.0,
        "ndvi_latest": 0.397,
        "ndvi_trend_per_year": -0.0123,
        "ndvi_pred_delta": -0.1824,
        "plantable_space": 0.34,
        "plantable_source": "proxy_1_minus_ndvi",
        "n_sites": 0,
        "species": [],
        "justification": "",
        "components": {
          "aqi_worsening": 0.3011,
          "traffic_worsening": 0.0,
          "ndvi_decline": 0.1965,
          "low_green_cover": 0.0357,
          "plantable_space": 0.0339
        }
      }
    },
    {
      "type": "Feature",
      "geometry": {
        "type": "Polygon",
        "coordinates": [
          [
            [
              72.93617085526489,
              19.032793970066308
            ],
            [
              72.9321345444939,
              19.04443927654775
            ],
            [
              72.9199845180321,
              19.046130467308526
            ],
            [
              72.91187238816921,
              19.036178066757685
            ],
            [
              72.9159082543108,
              19.02453413574275
            ],
            [
              72.92805669517098,
              19.02284122979265
            ],
            [
              72.93617085526489,
              19.032793970066308
            ]
          ]
        ]
      },
      "properties": {
        "zone": "87608b193ffffff",
        "rank": 73,
        "aqi_beyond_index": false,
        "reasoned": false,
        "priority_score": 0.5623,
        "aqi_latest": 67.0,
        "aqi_pred_delta": 25.9,
        "traffic_latest": 50.0,
        "traffic_pred_delta": 0.0,
        "ndvi_latest": 0.393,
        "ndvi_trend_per_year": -0.0116,
        "ndvi_pred_delta": -0.2371,
        "plantable_space": 0.34,
        "plantable_source": "proxy_1_minus_ndvi",
        "n_sites": 0,
        "species": [],
        "justification": "",
        "components": {
          "aqi_worsening": 0.3004,
          "traffic_worsening": 0.0,
          "ndvi_decline": 0.1907,
          "low_green_cover": 0.0368,
          "plantable_space": 0.0344
        },
        "soil": {
          "ph": 6.45,
          "ph_class": "acidic",
          "texture": "clay loam",
          "texture_simple": "clay",
          "moisture": null,
          "soc": 271.5
        }
      }
    },
    {
      "type": "Feature",
      "geometry": {
        "type": "Polygon",
        "coordinates": [
          [
            [
              73.00093797291292,
              18.979394516669018
            ],
            [
              72.99690136852072,
              18.991051188840782
            ],
            [
              72.98474293248763,
              18.992752396367063
            ],
            [
              72.97662268663883,
              18.9827986437002
            ],
            [
              72.98065884966155,
              18.97114334832205
            ],
            [
              72.99281570012977,
              18.969440428797864
            ],
            [
              73.00093797291292,
              18.979394516669018
            ]
          ]
        ]
      },
      "properties": {
        "zone": "87608b1b6ffffff",
        "rank": 74,
        "aqi_beyond_index": false,
        "reasoned": false,
        "priority_score": 0.5574,
        "aqi_latest": 62.1,
        "aqi_pred_delta": 27.6,
        "traffic_latest": 50.0,
        "traffic_pred_delta": 0.0,
        "ndvi_latest": 0.213,
        "ndvi_trend_per_year": 0.0057,
        "ndvi_pred_delta": -0.0834,
        "plantable_space": 0.65,
        "plantable_source": "proxy_1_minus_ndvi",
        "n_sites": 0,
        "species": [],
        "justification": "",
        "components": {
          "aqi_worsening": 0.3407,
          "traffic_worsening": 0.0,
          "ndvi_decline": 0.0599,
          "low_green_cover": 0.0922,
          "plantable_space": 0.0645
        }
      }
    },
    {
      "type": "Feature",
      "geometry": {
        "type": "Polygon",
        "coordinates": [
          [
            [
              72.86329865192056,
              19.042933091931697
            ],
            [
              72.85926338537745,
              19.05456995669492
            ],
            [
              72.84712496318151,
              19.056254563642703
            ],
            [
              72.8390233928306,
              19.046304024875884
            ],
            [
              72.8430582112408,
              19.03466853679758
            ],
            [
              72.85519504835995,
              19.03298221078207
            ],
            [
              72.86329865192056,
              19.042933091931697
            ]
          ]
        ]
      },
      "properties": {
        "zone": "87608b0b5ffffff",
        "rank": 75,
        "aqi_beyond_index": false,
        "reasoned": false,
        "priority_score": 0.5531,
        "aqi_latest": 67.0,
        "aqi_pred_delta": 26.9,
        "traffic_latest": 50.0,
        "traffic_pred_delta": 0.0,
        "ndvi_latest": 0.312,
        "ndvi_trend_per_year": -0.0021,
        "ndvi_pred_delta": -0.1138,
        "plantable_space": 0.48,
        "plantable_source": "proxy_1_minus_ndvi",
        "n_sites": 0,
        "species": [],
        "justification": "",
        "components": {
          "aqi_worsening": 0.324,
          "traffic_worsening": 0.0,
          "ndvi_decline": 0.1192,
          "low_green_cover": 0.0619,
          "plantable_space": 0.0481
        }
      }
    },
    {
      "type": "Feature",
      "geometry": {
        "type": "Polygon",
        "coordinates": [
          [
            [
              72.9039162640999,
              19.159134877892374
            ],
            [
              72.89987870071768,
              19.170765724112805
            ],
            [
              72.88772865178046,
              19.172442532945617
            ],
            [
              72.87961775316904,
              19.162490211653502
            ],
            [
              72.88365486999064,
              19.150860734755717
            ],
            [
              72.89580333221036,
              19.149182209806675
            ],
            [
              72.9039162640999,
              19.159134877892374
            ]
          ]
        ]
      },
      "properties": {
        "zone": "87608b559ffffff",
        "rank": 76,
        "aqi_beyond_index": false,
        "reasoned": false,
        "priority_score": 0.5366,
        "aqi_latest": 67.0,
        "aqi_pred_delta": 23.2,
        "traffic_latest": 50.0,
        "traffic_pred_delta": 0.0,
        "ndvi_latest": 0.398,
        "ndvi_trend_per_year": -0.0173,
        "ndvi_pred_delta": -0.2045,
        "plantable_space": 0.34,
        "plantable_source": "proxy_1_minus_ndvi",
        "n_sites": 0,
        "species": [],
        "justification": "",
        "components": {
          "aqi_worsening": 0.2333,
          "traffic_worsening": 0.0,
          "ndvi_decline": 0.234,
          "low_green_cover": 0.0355,
          "plantable_space": 0.0337
        },
        "soil": {
          "ph": 6.1,
          "ph_class": "acidic",
          "texture": "clay loam",
          "texture_simple": "clay",
          "moisture": null,
          "soc": 227.5
        }
      }
    },
    {
      "type": "Feature",
      "geometry": {
        "type": "Polygon",
        "coordinates": [
          [
            [
              72.91602836619835,
              19.124233662225013
            ],
            [
              72.91199109687679,
              19.135868846084676
            ],
            [
              72.89984052561226,
              19.137549878743677
            ],
            [
              72.89172881033261,
              19.127597443216203
            ],
            [
              72.89576563377993,
              19.115963630301707
            ],
            [
              72.90791461860734,
              19.114280881949124
            ],
            [
              72.91602836619835,
              19.124233662225013
            ]
          ]
        ]
      },
      "properties": {
        "zone": "87608b54effffff",
        "rank": 77,
        "aqi_beyond_index": false,
        "reasoned": false,
        "priority_score": 0.5343,
        "aqi_latest": 67.0,
        "aqi_pred_delta": 26.9,
        "traffic_latest": 50.0,
        "traffic_pred_delta": 0.0,
        "ndvi_latest": 0.321,
        "ndvi_trend_per_year": -0.0002,
        "ndvi_pred_delta": -0.1274,
        "plantable_space": 0.47,
        "plantable_source": "proxy_1_minus_ndvi",
        "n_sites": 0,
        "species": [],
        "justification": "",
        "components": {
          "aqi_worsening": 0.324,
          "traffic_worsening": 0.0,
          "ndvi_decline": 0.1047,
          "low_green_cover": 0.059,
          "plantable_space": 0.0465
        }
      }
    },
    {
      "type": "Feature",
      "geometry": {
        "type": "Polygon",
        "coordinates": [
          [
            [
              72.87133405008665,
              18.98642026013149
            ],
            [
              72.86729944582497,
              18.998062901238136
            ],
            [
              72.85516208295044,
              18.999753449112347
            ],
            [
              72.84706090908702,
              18.989803074846375
            ],
            [
              72.85109506577427,
              18.97816181332695
            ],
            [
              72.86323084412453,
              18.97646954646777
            ],
            [
              72.87133405008665,
              18.98642026013149
            ]
          ]
        ]
      },
      "properties": {
        "zone": "87608b18affffff",
        "rank": 78,
        "aqi_beyond_index": false,
        "reasoned": false,
        "priority_score": 0.5286,
        "aqi_latest": 62.1,
        "aqi_pred_delta": 26.6,
        "traffic_latest": 50.0,
        "traffic_pred_delta": 0.0,
        "ndvi_latest": 0.345,
        "ndvi_trend_per_year": -0.0021,
        "ndvi_pred_delta": -0.159,
        "plantable_space": 0.42,
        "plantable_source": "proxy_1_minus_ndvi",
        "n_sites": 0,
        "species": [],
        "justification": "",
        "components": {
          "aqi_worsening": 0.3159,
          "traffic_worsening": 0.0,
          "ndvi_decline": 0.1188,
          "low_green_cover": 0.0515,
          "plantable_space": 0.0424
        }
      }
    },
    {
      "type": "Feature",
      "geometry": {
        "type": "Polygon",
        "coordinates": [
          [
            [
              72.97657561439419,
              18.949533092298296
            ],
            [
              72.97253982030273,
              18.96118984720004
            ],
            [
              72.96038665531071,
              18.962891976880844
            ],
            [
              72.95227086966644,
              18.952939065142786
            ],
            [
              72.95630622131522,
              18.9412836892675
            ],
            [
              72.96845780127774,
              18.939579846085028
            ],
            [
              72.97657561439419,
              18.949533092298296
            ]
          ]
        ]
      },
      "properties": {
        "zone": "87608b1b5ffffff",
        "rank": 79,
        "aqi_beyond_index": false,
        "reasoned": false,
        "priority_score": 0.5145,
        "aqi_latest": 62.1,
        "aqi_pred_delta": 23.3,
        "traffic_latest": 50.0,
        "traffic_pred_delta": 0.0,
        "ndvi_latest": 0.39,
        "ndvi_trend_per_year": -0.0136,
        "ndvi_pred_delta": -0.2009,
        "plantable_space": 0.35,
        "plantable_source": "proxy_1_minus_ndvi",
        "n_sites": 0,
        "species": [],
        "justification": "",
        "components": {
          "aqi_worsening": 0.2355,
          "traffic_worsening": 0.0,
          "ndvi_decline": 0.2064,
          "low_green_cover": 0.0377,
          "plantable_space": 0.0349
        },
        "soil": {
          "ph": 6.5,
          "ph_class": "neutral",
          "texture": "clay loam",
          "texture_simple": "clay",
          "moisture": null,
          "soc": 237.0
        }
      }
    },
    {
      "type": "Feature",
      "geometry": {
        "type": "Polygon",
        "coordinates": [
          [
            [
              72.8835460359891,
              19.051197452708152
            ],
            [
              72.87951032225085,
              19.062835693212065
            ],
            [
              72.86736820415899,
              19.064521086254157
            ],
            [
              72.85926338537745,
              19.05456995669492
            ],
            [
              72.86329865192056,
              19.042933091931697
            ],
            [
              72.87543918466586,
              19.041245980967716
            ],
            [
              72.8835460359891,
              19.051197452708152
            ]
          ]
        ]
      },
      "properties": {
        "zone": "87608b0b4ffffff",
        "rank": 80,
        "aqi_beyond_index": false,
        "reasoned": false,
        "priority_score": 0.514,
        "aqi_latest": 67.0,
        "aqi_pred_delta": 25.1,
        "traffic_latest": 50.0,
        "traffic_pred_delta": 0.0,
        "ndvi_latest": 0.369,
        "ndvi_trend_per_year": -0.0065,
        "ndvi_pred_delta": -0.1341,
        "plantable_space": 0.39,
        "plantable_source": "proxy_1_minus_ndvi",
        "n_sites": 0,
        "species": [],
        "justification": "",
        "components": {
          "aqi_worsening": 0.2789,
          "traffic_worsening": 0.0,
          "ndvi_decline": 0.1523,
          "low_green_cover": 0.0443,
          "plantable_space": 0.0385
        }
      }
    },
    {
      "type": "Feature",
      "geometry": {
        "type": "Polygon",
        "coordinates": [
          [
            [
              72.97671686389883,
              19.04931302096347
            ],
            [
              72.97267966669746,
              19.060961075530763
            ],
            [
              72.96052226048943,
              19.0626538490733
            ],
            [
              72.95240363784092,
              19.052700280913996
            ],
            [
              72.95644039229894,
              19.041053599914704
            ],
            [
              72.96859621237581,
              19.03935911348673
            ],
            [
              72.97671686389883,
              19.04931302096347
            ]
          ]
        ]
      },
      "properties": {
        "zone": "87608b565ffffff",
        "rank": 81,
        "aqi_beyond_index": false,
        "reasoned": false,
        "priority_score": 0.5075,
        "aqi_latest": 67.0,
        "aqi_pred_delta": 27.7,
        "traffic_latest": 50.0,
        "traffic_pred_delta": 0.0,
        "ndvi_latest": 0.369,
        "ndvi_trend_per_year": 0.0029,
        "ndvi_pred_delta": -0.1934,
        "plantable_space": 0.39,
        "plantable_source": "proxy_1_minus_ndvi",
        "n_sites": 0,
        "species": [],
        "justification": "",
        "components": {
          "aqi_worsening": 0.3436,
          "traffic_worsening": 0.0,
          "ndvi_decline": 0.0811,
          "low_green_cover": 0.0443,
          "plantable_space": 0.0385
        }
      }
    },
    {
      "type": "Feature",
      "geometry": {
        "type": "Polygon",
        "coordinates": [
          [
            [
              72.95657465670658,
              19.140773080489957
            ],
            [
              72.95253649846369,
              19.152411003397788
            ],
            [
              72.94037853989015,
              19.154093623597678
            ],
            [
              72.93226032675595,
              19.14414003425727
            ],
            [
              72.93629804100985,
              19.13250348039947
            ],
            [
              72.94845441261381,
              19.13081914681115
            ],
            [
              72.95657465670658,
              19.140773080489957
            ]
          ]
        ]
      },
      "properties": {
        "zone": "87608b542ffffff",
        "rank": 82,
        "aqi_beyond_index": false,
        "reasoned": false,
        "priority_score": 0.4986,
        "aqi_latest": 67.0,
        "aqi_pred_delta": 23.6,
        "traffic_latest": 50.0,
        "traffic_pred_delta": 0.0,
        "ndvi_latest": 0.458,
        "ndvi_trend_per_year": -0.0146,
        "ndvi_pred_delta": -0.2601,
        "plantable_space": 0.24,
        "plantable_source": "proxy_1_minus_ndvi",
        "n_sites": 0,
        "species": [],
        "justification": "",
        "components": {
          "aqi_worsening": 0.2441,
          "traffic_worsening": 0.0,
          "ndvi_decline": 0.2136,
          "low_green_cover": 0.0171,
          "plantable_space": 0.0237
        }
      }
    },
    {
      "type": "Feature",
      "geometry": {
        "type": "Polygon",
        "coordinates": [
          [
            [
              72.89565259094289,
              19.016274101264973
            ],
            [
              72.89161717037162,
              19.02791665586591
            ],
            [
              72.87947452855273,
              19.029606270595245
            ],
            [
              72.87136889259799,
              19.019655048190906
            ],
            [
              72.87540386665934,
              19.008013870950247
            ],
            [
              72.88754492341093,
              19.006322538734604
            ],
            [
              72.89565259094289,
              19.016274101264973
            ]
          ]
        ]
      },
      "properties": {
        "zone": "87608b198ffffff",
        "rank": 83,
        "aqi_beyond_index": false,
        "reasoned": false,
        "priority_score": 0.4906,
        "aqi_latest": 67.0,
        "aqi_pred_delta": 24.1,
        "traffic_latest": 50.0,
        "traffic_pred_delta": 0.0,
        "ndvi_latest": 0.367,
        "ndvi_trend_per_year": -0.0065,
        "ndvi_pred_delta": -0.1873,
        "plantable_space": 0.39,
        "plantable_source": "proxy_1_minus_ndvi",
        "n_sites": 0,
        "species": [],
        "justification": "",
        "components": {
          "aqi_worsening": 0.2545,
          "traffic_worsening": 0.0,
          "ndvi_decline": 0.1524,
          "low_green_cover": 0.0449,
          "plantable_space": 0.0388
        }
      }
    },
    {
      "type": "Feature",
      "geometry": {
        "type": "Polygon",
        "coordinates": [
          [
            [
              72.96052226048943,
              19.0626538490733
            ],
            [
              72.95648513671625,
              19.074299058074345
            ],
            [
              72.94432983362655,
              19.075989325700952
            ],
            [
              72.93621324067715,
              19.06603609798717
            ],
            [
              72.94024992089159,
              19.054392262221253
            ],
            [
              72.95240363784092,
              19.052700280913996
            ],
            [
              72.96052226048943,
              19.0626538490733
            ]
          ]
        ]
      },
      "properties": {
        "zone": "87608b561ffffff",
        "rank": 84,
        "aqi_beyond_index": false,
        "reasoned": false,
        "priority_score": 0.4875,
        "aqi_latest": 67.0,
        "aqi_pred_delta": 25.8,
        "traffic_latest": 50.0,
        "traffic_pred_delta": 0.0,
        "ndvi_latest": 0.412,
        "ndvi_trend_per_year": -0.0032,
        "ndvi_pred_delta": -0.1766,
        "plantable_space": 0.31,
        "plantable_source": "proxy_1_minus_ndvi",
        "n_sites": 0,
        "species": [],
        "justification": "",
        "components": {
          "aqi_worsening": 0.2981,
          "traffic_worsening": 0.0,
          "ndvi_decline": 0.1272,
          "low_green_cover": 0.031,
          "plantable_space": 0.0313
        }
      }
    },
    {
      "type": "Feature",
      "geometry": {
        "type": "Polygon",
        "coordinates": [
          [
            [
              72.92418460342763,
              19.16740880444021
            ],
            [
              72.92014659442624,
              19.179041019037243
            ],
            [
              72.90799284946549,
              19.180718621401713
            ],
            [
              72.89987870071768,
              19.170765724112805
            ],
            [
              72.9039162640999,
              19.159134877892374
            ],
            [
              72.91606842207554,
              19.157455560563317
            ],
            [
              72.92418460342763,
              19.16740880444021
            ]
          ]
        ]
      },
      "properties": {
        "zone": "87608b558ffffff",
        "rank": 85,
        "aqi_beyond_index": false,
        "reasoned": false,
        "priority_score": 0.4793,
        "aqi_latest": 67.0,
        "aqi_pred_delta": 27.2,
        "traffic_latest": 50.0,
        "traffic_pred_delta": 0.0,
        "ndvi_latest": 0.37,
        "ndvi_trend_per_year": 0.0049,
        "ndvi_pred_delta": -0.1929,
        "plantable_space": 0.38,
        "plantable_source": "proxy_1_minus_ndvi",
        "n_sites": 0,
        "species": [],
        "justification": "",
        "components": {
          "aqi_worsening": 0.3313,
          "traffic_worsening": 0.0,
          "ndvi_decline": 0.0657,
          "low_green_cover": 0.044,
          "plantable_space": 0.0383
        },
        "soil": {
          "ph": 5.9,
          "ph_class": "acidic",
          "texture": "clay loam",
          "texture_simple": "clay",
          "moisture": null,
          "soc": 291.5
        }
      }
    },
    {
      "type": "Feature",
      "geometry": {
        "type": "Polygon",
        "coordinates": [
          [
            [
              72.97685821177275,
              19.149042458157762
            ],
            [
              72.97281961048556,
              19.160681749166354
            ],
            [
              72.9606579601004,
              19.16236516568026
            ],
            [
              72.95253649846369,
              19.152411003397788
            ],
            [
              72.95657465670658,
              19.140773080489957
            ],
            [
              72.96873471985772,
              19.139087951742724
            ],
            [
              72.97685821177275,
              19.149042458157762
            ]
          ]
        ]
      },
      "properties": {
        "zone": "87608b555ffffff",
        "rank": 86,
        "aqi_beyond_index": false,
        "reasoned": false,
        "priority_score": 0.477,
        "aqi_latest": 67.0,
        "aqi_pred_delta": 24.3,
        "traffic_latest": 50.0,
        "traffic_pred_delta": 0.0,
        "ndvi_latest": 0.528,
        "ndvi_trend_per_year": -0.0135,
        "ndvi_pred_delta": -0.3708,
        "plantable_space": 0.12,
        "plantable_source": "proxy_1_minus_ndvi",
        "n_sites": 0,
        "species": [],
        "justification": "",
        "components": {
          "aqi_worsening": 0.2599,
          "traffic_worsening": 0.0,
          "ndvi_decline": 0.2051,
          "low_green_cover": 0.0,
          "plantable_space": 0.0119
        }
      }
    },
    {
      "type": "Feature",
      "geometry": {
        "type": "Polygon",
        "coordinates": [
          [
            [
              72.9724932264632,
              18.92792163467331
            ],
            [
              72.96845780127774,
              18.939579846085028
            ],
            [
              72.95630622131522,
              18.9412836892675
            ],
            [
              72.94819165152141,
              18.931331034870453
            ],
            [
              72.95222663413566,
              18.919674203765975
            ],
            [
              72.96437662934156,
              18.91796864673278
            ],
            [
              72.9724932264632,
              18.92792163467331
            ]
          ]
        ]
      },
      "properties": {
        "zone": "87608b1a6ffffff",
        "rank": 87,
        "aqi_beyond_index": false,
        "reasoned": false,
        "priority_score": 0.4709,
        "aqi_latest": 62.1,
        "aqi_pred_delta": 22.3,
        "traffic_latest": 50.0,
        "traffic_pred_delta": 0.0,
        "ndvi_latest": 0.511,
        "ndvi_trend_per_year": -0.0185,
        "ndvi_pred_delta": -0.283,
        "plantable_space": 0.15,
        "plantable_source": "proxy_1_minus_ndvi",
        "n_sites": 0,
        "species": [],
        "justification": "",
        "components": {
          "aqi_worsening": 0.2122,
          "traffic_worsening": 0.0,
          "ndvi_decline": 0.2431,
          "low_green_cover": 0.0008,
          "plantable_space": 0.0149
        },
        "soil": {
          "ph": 6.4,
          "ph_class": "acidic",
          "texture": "clay loam",
          "texture_simple": "clay",
          "moisture": null,
          "soc": 248.0
        }
      }
    },
    {
      "type": "Feature",
      "geometry": {
        "type": "Polygon",
        "coordinates": [
          [
            [
              73.00108774382788,
              19.079176381279403
            ],
            [
              72.99704973577114,
              19.090824333899647
            ],
            [
              72.98488705487082,
              19.092516189995706
            ],
            [
              72.97676396892182,
              19.08256180482276
            ],
            [
              72.98080153530955,
              19.070915223536563
            ],
            [
              72.99296262954275,
              19.069221656068766
            ],
            [
              73.00108774382788,
              19.079176381279403
            ]
          ]
        ]
      },
      "properties": {
        "zone": "87608b566ffffff",
        "rank": 88,
        "aqi_beyond_index": false,
        "reasoned": false,
        "priority_score": 0.468,
        "aqi_latest": 67.0,
        "aqi_pred_delta": 25.8,
        "traffic_latest": 50.0,
        "traffic_pred_delta": 0.0,
        "ndvi_latest": 0.35,
        "ndvi_trend_per_year": 0.003,
        "ndvi_pred_delta": -0.1668,
        "plantable_space": 0.42,
        "plantable_source": "proxy_1_minus_ndvi",
        "n_sites": 0,
        "species": [],
        "justification": "",
        "components": {
          "aqi_worsening": 0.2958,
          "traffic_worsening": 0.0,
          "ndvi_decline": 0.0806,
          "low_green_cover": 0.05,
          "plantable_space": 0.0416
        }
      }
    },
    {
      "type": "Feature",
      "geometry": {
        "type": "Polygon",
        "coordinates": [
          [
            [
              72.99700026854238,
              19.05757222888448
            ],
            [
              72.99296262954275,
              19.069221656068766
            ],
            [
              72.98080153530955,
              19.070915223536563
            ],
            [
              72.97267966669746,
              19.060961075530763
            ],
            [
              72.97671686389883,
              19.04931302096347
            ],
            [
              72.98887637173789,
              19.047617741764753
            ],
            [
              72.99700026854238,
              19.05757222888448
            ]
          ]
        ]
      },
      "properties": {
        "zone": "87608b564ffffff",
        "rank": 89,
        "aqi_beyond_index": false,
        "reasoned": false,
        "priority_score": 0.4659,
        "aqi_latest": 67.0,
        "aqi_pred_delta": 26.9,
        "traffic_latest": 50.0,
        "traffic_pred_delta": 0.0,
        "ndvi_latest": 0.312,
        "ndvi_trend_per_year": 0.0093,
        "ndvi_pred_delta": -0.1491,
        "plantable_space": 0.48,
        "plantable_source": "proxy_1_minus_ndvi",
        "n_sites": 0,
        "species": [],
        "justification": "",
        "components": {
          "aqi_worsening": 0.324,
          "traffic_worsening": 0.0,
          "ndvi_decline": 0.0321,
          "low_green_cover": 0.0618,
          "plantable_space": 0.048
        }
      }
    },
    {
      "type": "Feature",
      "geometry": {
        "type": "Polygon",
        "coordinates": [
          [
            [
              72.87540386665934,
              19.008013870950247
            ],
            [
              72.87136889259799,
              19.019655048190906
            ],
            [
              72.85922994492513,
              19.02134387743285
            ],
            [
              72.85112755633722,
              19.01139324804761
            ],
            [
              72.85516208295044,
              18.999753449112347
            ],
            [
              72.86729944582497,
              18.998062901238136
            ],
            [
              72.87540386665934,
              19.008013870950247
            ]
          ]
        ]
      },
      "properties": {
        "zone": "87608b199ffffff",
        "rank": 90,
        "aqi_beyond_index": false,
        "reasoned": false,
        "priority_score": 0.4254,
        "aqi_latest": 67.0,
        "aqi_pred_delta": 23.2,
        "traffic_latest": 50.0,
        "traffic_pred_delta": 0.0,
        "ndvi_latest": 0.391,
        "ndvi_trend_per_year": -0.0022,
        "ndvi_pred_delta": -0.1995,
        "plantable_space": 0.35,
        "plantable_source": "proxy_1_minus_ndvi",
        "n_sites": 0,
        "species": [],
        "justification": "",
        "components": {
          "aqi_worsening": 0.2336,
          "traffic_worsening": 0.0,
          "ndvi_decline": 0.1194,
          "low_green_cover": 0.0375,
          "plantable_space": 0.0348
        }
      }
    },
    {
      "type": "Feature",
      "geometry": {
        "type": "Polygon",
        "coordinates": [
          [
            [
              72.9523593715155,
              19.01945212472694
            ],
            [
              72.94832298634724,
              19.0311002747208
            ],
            [
              72.93617085526489,
              19.032793970066308
            ],
            [
              72.92805669517098,
              19.02284122979265
            ],
            [
              72.93209263652399,
              19.011194455599
            ],
            [
              72.94424318201268,
              19.00949904585933
            ],
            [
              72.9523593715155,
              19.01945212472694
            ]
          ]
        ]
      },
      "properties": {
        "zone": "87608b190ffffff",
        "rank": 91,
        "aqi_beyond_index": false,
        "reasoned": false,
        "priority_score": 0.4224,
        "aqi_latest": 67.0,
        "aqi_pred_delta": 23.5,
        "traffic_latest": 50.0,
        "traffic_pred_delta": 0.0,
        "ndvi_latest": 0.468,
        "ndvi_trend_per_year": -0.0056,
        "ndvi_pred_delta": -0.2959,
        "plantable_space": 0.22,
        "plantable_source": "proxy_1_minus_ndvi",
        "n_sites": 0,
        "species": [],
        "justification": "",
        "components": {
          "aqi_worsening": 0.2408,
          "traffic_worsening": 0.0,
          "ndvi_decline": 0.1456,
          "low_green_cover": 0.014,
          "plantable_space": 0.022
        },
        "soil": {
          "ph": 6.5,
          "ph_class": "neutral",
          "texture": "clay loam",
          "texture_simple": "clay",
          "moisture": null,
          "soc": 543.5
        }
      }
    },
    {
      "type": "Feature",
      "geometry": {
        "type": "Polygon",
        "coordinates": [
          [
            [
              72.97277295172843,
              19.127447176739828
            ],
            [
              72.96873471985772,
              19.139087951742724
            ],
            [
              72.95657465670658,
              19.140773080489957
            ],
            [
              72.94845441261381,
              19.13081914681115
            ],
            [
              72.95249220131143,
              19.11917974119311
            ],
            [
              72.96465067750202,
              19.117492899848198
            ],
            [
              72.97277295172843,
              19.127447176739828
            ]
          ]
        ]
      },
      "properties": {
        "zone": "87608b546ffffff",
        "rank": 92,
        "aqi_beyond_index": false,
        "reasoned": false,
        "priority_score": 0.4212,
        "aqi_latest": 67.0,
        "aqi_pred_delta": 18.5,
        "traffic_latest": 50.0,
        "traffic_pred_delta": 0.0,
        "ndvi_latest": 0.512,
        "ndvi_trend_per_year": -0.0242,
        "ndvi_pred_delta": -0.3889,
        "plantable_space": 0.15,
        "plantable_source": "proxy_1_minus_ndvi",
        "n_sites": 0,
        "species": [],
        "justification": "",
        "components": {
          "aqi_worsening": 0.1192,
          "traffic_worsening": 0.0,
          "ndvi_decline": 0.2867,
          "low_green_cover": 0.0006,
          "plantable_space": 0.0147
        }
      }
    },
    {
      "type": "Feature",
      "geometry": {
        "type": "Polygon",
        "coordinates": [
          [
            [
              72.96038665531071,
              18.962891976880844
            ],
            [
              72.95635093460204,
              18.97454589451369
            ],
            [
              72.94419987127982,
              18.976245521731556
            ],
            [
              72.93608611393144,
              18.96629294559991
            ],
            [
              72.94012139138285,
              18.954640406662833
            ],
            [
              72.95227086966644,
              18.952939065142786
            ],
            [
              72.96038665531071,
              18.962891976880844
            ]
          ]
        ]
      },
      "properties": {
        "zone": "87608b1b1ffffff",
        "rank": 93,
        "aqi_beyond_index": false,
        "reasoned": false,
        "priority_score": 0.3946,
        "aqi_latest": 62.1,
        "aqi_pred_delta": 25.7,
        "traffic_latest": 50.0,
        "traffic_pred_delta": 0.0,
        "ndvi_latest": 0.33,
        "ndvi_trend_per_year": 0.0205,
        "ndvi_pred_delta": 0.056,
        "plantable_space": 0.45,
        "plantable_source": "proxy_1_minus_ndvi",
        "n_sites": 0,
        "species": [],
        "justification": "",
        "components": {
          "aqi_worsening": 0.2935,
          "traffic_worsening": 0.0,
          "ndvi_decline": 0.0,
          "low_green_cover": 0.0561,
          "plantable_space": 0.0449
        },
        "soil": {
          "ph": 5.9,
          "ph_class": "acidic",
          "texture": "clay loam",
          "texture_simple": "clay",
          "moisture": null,
          "soc": 362.5
        }
      }
    },
    {
      "type": "Feature",
      "geometry": {
        "type": "Polygon",
        "coordinates": [
          [
            [
              72.90380036196035,
              19.059461614809663
            ],
            [
              72.89976420196608,
              19.07110123010889
            ],
            [
              72.88761838919083,
              19.072787410932698
            ],
            [
              72.87951032225085,
              19.062835693212065
            ],
            [
              72.8835460359891,
              19.051197452708152
            ],
            [
              72.8956902631492,
              19.04950955511
            ],
            [
              72.90380036196035,
              19.059461614809663
            ]
          ]
        ]
      },
      "properties": {
        "zone": "87608b569ffffff",
        "rank": 94,
        "aqi_beyond_index": false,
        "reasoned": false,
        "priority_score": 0.3873,
        "aqi_latest": 67.0,
        "aqi_pred_delta": 21.4,
        "traffic_latest": 50.0,
        "traffic_pred_delta": 0.0,
        "ndvi_latest": 0.346,
        "ndvi_trend_per_year": -0.0003,
        "ndvi_pred_delta": -0.0919,
        "plantable_space": 0.42,
        "plantable_source": "proxy_1_minus_ndvi",
        "n_sites": 0,
        "species": [],
        "justification": "",
        "components": {
          "aqi_worsening": 0.1889,
          "traffic_worsening": 0.0,
          "ndvi_decline": 0.105,
          "low_green_cover": 0.0512,
          "plantable_space": 0.0423
        }
      }
    },
    {
      "type": "Feature",
      "geometry": {
        "type": "Polygon",
        "coordinates": [
          [
            [
              72.81876160731524,
              19.004818523065
            ],
            [
              72.81472760820392,
              19.0164540995367
            ],
            [
              72.80259816595246,
              19.018138860707342
            ],
            [
              72.79450430729565,
              19.00818976709582
            ],
            [
              72.79853785627753,
              18.99655557047609
            ],
            [
              72.81066571427002,
              18.994869087597575
            ],
            [
              72.81876160731524,
              19.004818523065
            ]
          ]
        ]
      },
      "properties": {
        "zone": "87608b0a1ffffff",
        "rank": 95,
        "aqi_beyond_index": false,
        "reasoned": false,
        "priority_score": 0.3683,
        "aqi_latest": 67.0,
        "aqi_pred_delta": 24.7,
        "traffic_latest": 50.0,
        "traffic_pred_delta": 0.0,
        "ndvi_latest": 0.338,
        "ndvi_trend_per_year": 0.0138,
        "ndvi_pred_delta": -0.1751,
        "plantable_space": 0.44,
        "plantable_source": "proxy_1_minus_ndvi",
        "n_sites": 0,
        "species": [],
        "justification": "",
        "components": {
          "aqi_worsening": 0.2708,
          "traffic_worsening": 0.0,
          "ndvi_decline": 0.0,
          "low_green_cover": 0.0538,
          "plantable_space": 0.0437
        }
      }
    },
    {
      "type": "Feature",
      "geometry": {
        "type": "Polygon",
        "coordinates": [
          [
            [
              72.99714870468456,
              19.15731160906066
            ],
            [
              72.99310966129916,
              19.168952267219524
            ],
            [
              72.98094432033724,
              19.17063648174478
            ],
            [
              72.97281961048556,
              19.160681749166354
            ],
            [
              72.97685821177275,
              19.149042458157762
            ],
            [
              72.9890219652374,
              19.147356532556014
            ],
            [
              72.99714870468456,
              19.15731160906066
            ]
          ]
        ]
      },
      "properties": {
        "zone": "87608b554ffffff",
        "rank": 96,
        "aqi_beyond_index": false,
        "reasoned": false,
        "priority_score": 0.3592,
        "aqi_latest": 67.0,
        "aqi_pred_delta": 23.6,
        "traffic_latest": 50.0,
        "traffic_pred_delta": 0.0,
        "ndvi_latest": 0.513,
        "ndvi_trend_per_year": 0.0002,
        "ndvi_pred_delta": -0.3041,
        "plantable_space": 0.15,
        "plantable_source": "proxy_1_minus_ndvi",
        "n_sites": 0,
        "species": [],
        "justification": "",
        "components": {
          "aqi_worsening": 0.2427,
          "traffic_worsening": 0.0,
          "ndvi_decline": 0.1017,
          "low_green_cover": 0.0002,
          "plantable_space": 0.0145
        }
      }
    },
    {
      "type": "Feature",
      "geometry": {
        "type": "Polygon",
        "coordinates": [
          [
            [
              72.98094432033724,
              19.17063648174478
            ],
            [
              72.97690534960832,
              19.182274285764727
            ],
            [
              72.96474211171571,
              19.183955990411352
            ],
            [
              72.95661943228686,
              19.174001602883937
            ],
            [
              72.9606579601004,
              19.16236516568026
            ],
            [
              72.97281961048556,
              19.160681749166354
            ],
            [
              72.98094432033724,
              19.17063648174478
            ]
          ]
        ]
      },
      "properties": {
        "zone": "87608b550ffffff",
        "rank": 97,
        "aqi_beyond_index": false,
        "reasoned": false,
        "priority_score": 0.2942,
        "aqi_latest": 67.0,
        "aqi_pred_delta": 16.9,
        "traffic_latest": 50.0,
        "traffic_pred_delta": 0.0,
        "ndvi_latest": 0.592,
        "ndvi_trend_per_year": -0.0145,
        "ndvi_pred_delta": -0.4772,
        "plantable_space": 0.01,
        "plantable_source": "proxy_1_minus_ndvi",
        "n_sites": 0,
        "species": [],
        "justification": "",
        "components": {
          "aqi_worsening": 0.0795,
          "traffic_worsening": 0.0,
          "ndvi_decline": 0.2134,
          "low_green_cover": 0.0,
          "plantable_space": 0.0013
        },
        "soil": {
          "ph": 6.5,
          "ph_class": "neutral",
          "texture": "clay loam",
          "texture_simple": "clay",
          "moisture": null,
          "soc": 293.0
        }
      }
    },
    {
      "type": "Feature",
      "geometry": {
        "type": "Polygon",
        "coordinates": [
          [
            [
              72.98897342280527,
              19.114115913976995
            ],
            [
              72.9849351179691,
              19.1257595396964
            ],
            [
              72.97277295172843,
              19.127447176739828
            ],
            [
              72.96465067750202,
              19.117492899848198
            ],
            [
              72.96868853998157,
              19.105850643847234
            ],
            [
              72.98084911927147,
              19.104161294998654
            ],
            [
              72.98897342280527,
              19.114115913976995
            ]
          ]
        ]
      },
      "properties": {
        "zone": "87608b571ffffff",
        "rank": 98,
        "aqi_beyond_index": false,
        "reasoned": false,
        "priority_score": 0.2842,
        "aqi_latest": 67.0,
        "aqi_pred_delta": 21.4,
        "traffic_latest": 50.0,
        "traffic_pred_delta": 0.0,
        "ndvi_latest": 0.525,
        "ndvi_trend_per_year": 0.0027,
        "ndvi_pred_delta": -0.3618,
        "plantable_space": 0.13,
        "plantable_source": "proxy_1_minus_ndvi",
        "n_sites": 0,
        "species": [],
        "justification": "",
        "components": {
          "aqi_worsening": 0.1893,
          "traffic_worsening": 0.0,
          "ndvi_decline": 0.0824,
          "low_green_cover": 0.0,
          "plantable_space": 0.0125
        },
        "soil": {
          "ph": 6.55,
          "ph_class": "neutral",
          "texture": "clay loam",
          "texture_simple": "clay",
          "moisture": null,
          "soc": 246.0
        }
      }
    },
    {
      "type": "Feature",
      "geometry": {
        "type": "Polygon",
        "coordinates": [
          [
            [
              72.87947452855273,
              19.029606270595245
            ],
            [
              72.87543918466586,
              19.041245980967716
            ],
            [
              72.86329865192056,
              19.042933091931697
            ],
            [
              72.85519504835995,
              19.03298221078207
            ],
            [
              72.85922994492513,
              19.02134387743285
            ],
            [
              72.87136889259799,
              19.019655048190906
            ],
            [
              72.87947452855273,
              19.029606270595245
            ]
          ]
        ]
      },
      "properties": {
        "zone": "87608b19bffffff",
        "rank": 99,
        "aqi_beyond_index": false,
        "reasoned": false,
        "priority_score": 0.2688,
        "aqi_latest": 67.0,
        "aqi_pred_delta": 15.4,
        "traffic_latest": 50.0,
        "traffic_pred_delta": 0.0,
        "ndvi_latest": 0.338,
        "ndvi_trend_per_year": -0.0032,
        "ndvi_pred_delta": -0.1242,
        "plantable_space": 0.44,
        "plantable_source": "proxy_1_minus_ndvi",
        "n_sites": 0,
        "species": [],
        "justification": "",
        "components": {
          "aqi_worsening": 0.0442,
          "traffic_worsening": 0.0,
          "ndvi_decline": 0.1271,
          "low_green_cover": 0.0538,
          "plantable_space": 0.0437
        }
      }
    },
    {
      "type": "Feature",
      "geometry": {
        "type": "Polygon",
        "coordinates": [
          [
            [
              72.92801526444651,
              18.989593725184196
            ],
            [
              72.92397969248591,
              19.001241964084926
            ],
            [
              72.91183283695383,
              19.00293658557946
            ],
            [
              72.90372313866297,
              18.99298468405216
            ],
            [
              72.90775826573888,
              18.981337823181995
            ],
            [
              72.91990353621637,
              18.97964148578962
            ],
            [
              72.92801526444651,
              18.989593725184196
            ]
          ]
        ]
      },
      "properties": {
        "zone": "87608b182ffffff",
        "rank": 100,
        "aqi_beyond_index": false,
        "reasoned": false,
        "priority_score": 0.2586,
        "aqi_latest": 62.1,
        "aqi_pred_delta": 17.9,
        "traffic_latest": 50.0,
        "traffic_pred_delta": 0.0,
        "ndvi_latest": 0.399,
        "ndvi_trend_per_year": 0.0022,
        "ndvi_pred_delta": -0.0054,
        "plantable_space": 0.33,
        "plantable_source": "proxy_1_minus_ndvi",
        "n_sites": 0,
        "species": [],
        "justification": "",
        "components": {
          "aqi_worsening": 0.1038,
          "traffic_worsening": 0.0,
          "ndvi_decline": 0.0863,
          "low_green_cover": 0.035,
          "plantable_space": 0.0335
        },
        "soil": {
          "ph": 6.5,
          "ph_class": "neutral",
          "texture": "clay loam",
          "texture_simple": "clay",
          "moisture": null,
          "soc": 294.5
        }
      }
    },
    {
      "type": "Feature",
      "geometry": {
        "type": "Polygon",
        "coordinates": [
          [
            [
              72.94419987127982,
              18.976245521731556
            ],
            [
              72.94016422461489,
              18.987896600696164
            ],
            [
              72.92801526444651,
              18.989593725184196
            ],
            [
              72.91990353621637,
              18.97964148578962
            ],
            [
              72.92393873881007,
              18.967991785188836
            ],
            [
              72.93608611393144,
              18.96629294559991
            ],
            [
              72.94419987127982,
              18.976245521731556
            ]
          ]
        ]
      },
      "properties": {
        "zone": "87608b186ffffff",
        "rank": 101,
        "aqi_beyond_index": false,
        "reasoned": false,
        "priority_score": 0.2502,
        "aqi_latest": 62.1,
        "aqi_pred_delta": 22.3,
        "traffic_latest": 50.0,
        "traffic_pred_delta": 0.0,
        "ndvi_latest": 0.464,
        "ndvi_trend_per_year": 0.0163,
        "ndvi_pred_delta": -0.1717,
        "plantable_space": 0.23,
        "plantable_source": "proxy_1_minus_ndvi",
        "n_sites": 0,
        "species": [],
        "justification": "",
        "components": {
          "aqi_worsening": 0.2122,
          "traffic_worsening": 0.0,
          "ndvi_decline": 0.0,
          "low_green_cover": 0.0153,
          "plantable_space": 0.0227
        },
        "soil": {
          "ph": 5.95,
          "ph_class": "acidic",
          "texture": "clay loam",
          "texture_simple": "clay",
          "moisture": null,
          "soc": 365.0
        }
      }
    },
    {
      "type": "Feature",
      "geometry": {
        "type": "Polygon",
        "coordinates": [
          [
            [
              72.96868853998157,
              19.105850643847234
            ],
            [
              72.96465067750202,
              19.117492899848198
            ],
            [
              72.95249220131143,
              19.11917974119311
            ],
            [
              72.94437317451455,
              19.109226039476866
            ],
            [
              72.94841059369232,
              19.09758515414451
            ],
            [
              72.96056748319575,
              19.09589659983924
            ],
            [
              72.96868853998157,
              19.105850643847234
            ]
          ]
        ]
      },
      "properties": {
        "zone": "87608b544ffffff",
        "rank": 102,
        "aqi_beyond_index": false,
        "reasoned": false,
        "priority_score": 0.2481,
        "aqi_latest": 67.0,
        "aqi_pred_delta": 20.9,
        "traffic_latest": 50.0,
        "traffic_pred_delta": 0.0,
        "ndvi_latest": 0.589,
        "ndvi_trend_per_year": 0.0044,
        "ndvi_pred_delta": -0.4073,
        "plantable_space": 0.02,
        "plantable_source": "proxy_1_minus_ndvi",
        "n_sites": 0,
        "species": [],
        "justification": "",
        "components": {
          "aqi_worsening": 0.1766,
          "traffic_worsening": 0.0,
          "ndvi_decline": 0.0697,
          "low_green_cover": 0.0,
          "plantable_space": 0.0018
        }
      }
    },
    {
      "type": "Feature",
      "geometry": {
        "type": "Polygon",
        "coordinates": [
          [
            [
              72.94012139138285,
              18.954640406662833
            ],
            [
              72.93608611393144,
              18.96629294559991
            ],
            [
              72.92393873881007,
              18.967991785188836
            ],
            [
              72.91582822614005,
              18.95803980127381
            ],
            [
              72.9198630593924,
              18.946388641981784
            ],
            [
              72.93200884974003,
              18.94468808694111
            ],
            [
              72.94012139138285,
              18.954640406662833
            ]
          ]
        ]
      },
      "properties": {
        "zone": "87608b184ffffff",
        "rank": 103,
        "aqi_beyond_index": false,
        "reasoned": false,
        "priority_score": 0.2364,
        "aqi_latest": 62.1,
        "aqi_pred_delta": 22.3,
        "traffic_latest": 50.0,
        "traffic_pred_delta": 0.0,
        "ndvi_latest": 0.493,
        "ndvi_trend_per_year": 0.0201,
        "ndvi_pred_delta": -0.142,
        "plantable_space": 0.18,
        "plantable_source": "proxy_1_minus_ndvi",
        "n_sites": 0,
        "species": [],
        "justification": "",
        "components": {
          "aqi_worsening": 0.2122,
          "traffic_worsening": 0.0,
          "ndvi_decline": 0.0,
          "low_green_cover": 0.0063,
          "plantable_space": 0.0178
        }
      }
    },
    {
      "type": "Feature",
      "geometry": {
        "type": "Polygon",
        "coordinates": [
          [
            [
              72.89157997430928,
              18.99467851898571
            ],
            [
              72.88754492341093,
              19.006322538734604
            ],
            [
              72.87540386665934,
              19.008013870950247
            ],
            [
              72.86729944582497,
              18.998062901238136
            ],
            [
              72.87133405008665,
              18.98642026013149
            ],
            [
              72.88347352204485,
              18.98472721007599
            ],
            [
              72.89157997430928,
              18.99467851898571
            ]
          ]
        ]
      },
      "properties": {
        "zone": "87608b19dffffff",
        "rank": 104,
        "aqi_beyond_index": false,
        "reasoned": false,
        "priority_score": 0.0917,
        "aqi_latest": 62.1,
        "aqi_pred_delta": 17.4,
        "traffic_latest": 50.0,
        "traffic_pred_delta": 0.0,
        "ndvi_latest": 0.635,
        "ndvi_trend_per_year": 0.0491,
        "ndvi_pred_delta": -0.3997,
        "plantable_space": 0.0,
        "plantable_source": "proxy_1_minus_ndvi",
        "n_sites": 0,
        "species": [],
        "justification": "",
        "components": {
          "aqi_worsening": 0.0917,
          "traffic_worsening": 0.0,
          "ndvi_decline": 0.0,
          "low_green_cover": 0.0,
          "plantable_space": 0.0
        }
      }
    },
    {
      "type": "Feature",
      "geometry": {
        "type": "Polygon",
        "coordinates": [
          [
            [
              72.80251761239828,
              18.918465448325833
            ],
            [
              72.79848509394297,
              18.930106858871873
            ],
            [
              72.78636198707973,
              18.931798508978826
            ],
            [
              72.77827298205621,
              18.92185047162793
            ],
            [
              72.78230504988281,
              18.91021044605864
            ],
            [
              72.7944265735855,
              18.90851707284628
            ],
            [
              72.80251761239828,
              18.918465448325833
            ]
          ]
        ]
      },
      "properties": {
        "zone": "87608b006ffffff",
        "rank": 105,
        "aqi_beyond_index": false,
        "reasoned": false,
        "priority_score": null,
        "aqi_latest": 62.1,
        "aqi_pred_delta": 13.6,
        "traffic_latest": 50.0,
        "traffic_pred_delta": 0.0,
        "ndvi_latest": null,
        "ndvi_trend_per_year": null,
        "ndvi_pred_delta": null,
        "plantable_space": null,
        "plantable_source": null,
        "n_sites": 0,
        "species": [],
        "justification": "",
        "components": {
          "aqi_worsening": 0.0,
          "traffic_worsening": 0.0,
          "ndvi_decline": 0.1029
        }
      }
    },
    {
      "type": "Feature",
      "geometry": {
        "type": "Polygon",
        "coordinates": [
          [
            [
              72.82273711790053,
              18.926720282669777
            ],
            [
              72.81870414974918,
              18.938363077251385
            ],
            [
              72.80657734594148,
              18.940055504377643
            ],
            [
              72.79848509394297,
              18.930106858871873
            ],
            [
              72.80251761239828,
              18.918465448325833
            ],
            [
              72.81464283277236,
              18.916771299232522
            ],
            [
              72.82273711790053,
              18.926720282669777
            ]
          ]
        ]
      },
      "properties": {
        "zone": "87608b033ffffff",
        "rank": 106,
        "aqi_beyond_index": false,
        "reasoned": false,
        "priority_score": null,
        "aqi_latest": 62.1,
        "aqi_pred_delta": 13.6,
        "traffic_latest": 50.0,
        "traffic_pred_delta": 0.0,
        "ndvi_latest": null,
        "ndvi_trend_per_year": null,
        "ndvi_pred_delta": null,
        "plantable_space": null,
        "plantable_source": null,
        "n_sites": 0,
        "species": [],
        "justification": "",
        "components": {
          "aqi_worsening": 0.0,
          "traffic_worsening": 0.0,
          "ndvi_decline": 0.1029
        }
      }
    },
    {
      "type": "Feature",
      "geometry": {
        "type": "Polygon",
        "coordinates": [
          [
            [
              72.81072131654831,
              19.061301807664446
            ],
            [
              72.80668665642338,
              19.072931601077137
            ],
            [
              72.7945561597985,
              19.074610415929254
            ],
            [
              72.78646190833295,
              19.064661159133994
            ],
            [
              72.79049611776958,
              19.053032742666755
            ],
            [
              72.80262502958439,
              19.05135220603036
            ],
            [
              72.81072131654831,
              19.061301807664446
            ]
          ]
        ]
      },
      "properties": {
        "zone": "87608b080ffffff",
        "rank": 107,
        "aqi_beyond_index": false,
        "reasoned": false,
        "priority_score": null,
        "aqi_latest": 67.0,
        "aqi_pred_delta": 14.8,
        "traffic_latest": 50.0,
        "traffic_pred_delta": 0.0,
        "ndvi_latest": null,
        "ndvi_trend_per_year": null,
        "ndvi_pred_delta": null,
        "plantable_space": null,
        "plantable_source": null,
        "n_sites": 0,
        "species": [],
        "justification": "",
        "components": {
          "aqi_worsening": 0.0305,
          "traffic_worsening": 0.0,
          "ndvi_decline": 0.1029
        }
      }
    },
    {
      "type": "Feature",
      "geometry": {
        "type": "Polygon",
        "coordinates": [
          [
            [
              72.81478415791359,
              19.08288145169609
            ],
            [
              72.81074912735512,
              19.094509771383905
            ],
            [
              72.79861704564522,
              19.096186864809635
            ],
            [
              72.79052157980327,
              19.086237359954715
            ],
            [
              72.7945561597985,
              19.074610415929254
            ],
            [
              72.80668665642338,
              19.072931601077137
            ],
            [
              72.81478415791359,
              19.08288145169609
            ]
          ]
        ]
      },
      "properties": {
        "zone": "87608b082ffffff",
        "rank": 108,
        "aqi_beyond_index": false,
        "reasoned": false,
        "priority_score": null,
        "aqi_latest": 67.0,
        "aqi_pred_delta": 14.8,
        "traffic_latest": 50.0,
        "traffic_pred_delta": 0.0,
        "ndvi_latest": null,
        "ndvi_trend_per_year": null,
        "ndvi_pred_delta": null,
        "plantable_space": null,
        "plantable_source": null,
        "n_sites": 0,
        "species": [],
        "justification": "",
        "components": {
          "aqi_worsening": 0.0305,
          "traffic_worsening": 0.0,
          "ndvi_decline": 0.1029
        }
      }
    },
    {
      "type": "Feature",
      "geometry": {
        "type": "Polygon",
        "coordinates": [
          [
            [
              72.806659319302,
              19.039720941886156
            ],
            [
              72.80262502958439,
              19.05135220603036
            ],
            [
              72.79049611776958,
              19.053032742666755
            ],
            [
              72.78240308043183,
              19.04308373728072
            ],
            [
              72.78643691933628,
              19.031453851364684
            ],
            [
              72.79856424661587,
              19.02977159258784
            ],
            [
              72.806659319302,
              19.039720941886156
            ]
          ]
        ]
      },
      "properties": {
        "zone": "87608b085ffffff",
        "rank": 109,
        "aqi_beyond_index": false,
        "reasoned": false,
        "priority_score": null,
        "aqi_latest": 67.0,
        "aqi_pred_delta": 14.8,
        "traffic_latest": 50.0,
        "traffic_pred_delta": 0.0,
        "ndvi_latest": null,
        "ndvi_trend_per_year": null,
        "ndvi_pred_delta": null,
        "plantable_space": null,
        "plantable_source": null,
        "n_sites": 0,
        "species": [],
        "justification": "",
        "components": {
          "aqi_worsening": 0.0305,
          "traffic_worsening": 0.0,
          "ndvi_decline": 0.1029
        }
      }
    },
    {
      "type": "Feature",
      "geometry": {
        "type": "Polygon",
        "coordinates": [
          [
            [
              72.802678775532,
              19.11776208296732
            ],
            [
              72.79864345434049,
              19.129386073137546
            ],
            [
              72.78651190370509,
              19.13105893972683
            ],
            [
              72.77841725984685,
              19.12110953797491
            ],
            [
              72.7824521297909,
              19.10948692183999
            ],
            [
              72.79458209506502,
              19.10781233340215
            ],
            [
              72.802678775532,
              19.11776208296732
            ]
          ]
        ]
      },
      "properties": {
        "zone": "87608b09effffff",
        "rank": 110,
        "aqi_beyond_index": false,
        "reasoned": false,
        "priority_score": null,
        "aqi_latest": 67.0,
        "aqi_pred_delta": 14.8,
        "traffic_latest": 50.0,
        "traffic_pred_delta": 0.0,
        "ndvi_latest": null,
        "ndvi_trend_per_year": null,
        "ndvi_pred_delta": null,
        "plantable_space": null,
        "plantable_source": null,
        "n_sites": 0,
        "species": [],
        "justification": "",
        "components": {
          "aqi_worsening": 0.0305,
          "traffic_worsening": 0.0,
          "ndvi_decline": 0.1029
        }
      }
    },
    {
      "type": "Feature",
      "geometry": {
        "type": "Polygon",
        "coordinates": [
          [
            [
              72.80259816595246,
              19.018138860707342
            ],
            [
              72.79856424661587,
              19.02977159258784
            ],
            [
              72.78643691933628,
              19.031453851364684
            ],
            [
              72.77834509587774,
              19.021505100737624
            ],
            [
              72.78237856427641,
              19.009873748367642
            ],
            [
              72.79450430729565,
              19.00818976709582
            ],
            [
              72.80259816595246,
              19.018138860707342
            ]
          ]
        ]
      },
      "properties": {
        "zone": "87608b0aeffffff",
        "rank": 111,
        "aqi_beyond_index": false,
        "reasoned": false,
        "priority_score": null,
        "aqi_latest": 67.0,
        "aqi_pred_delta": 14.8,
        "traffic_latest": 50.0,
        "traffic_pred_delta": 0.0,
        "ndvi_latest": null,
        "ndvi_trend_per_year": null,
        "ndvi_pred_delta": null,
        "plantable_space": null,
        "plantable_source": null,
        "n_sites": 0,
        "species": [],
        "justification": "",
        "components": {
          "aqi_worsening": 0.0305,
          "traffic_worsening": 0.0,
          "ndvi_decline": 0.1029
        }
      }
    },
    {
      "type": "Feature",
      "geometry": {
        "type": "Polygon",
        "coordinates": [
          [
            [
              72.92393873881007,
              18.967991785188836
            ],
            [
              72.91990353621637,
              18.97964148578962
            ],
            [
              72.90775826573888,
              18.981337823181995
            ],
            [
              72.8996497828621,
              18.971386176204486
            ],
            [
              72.90368454044363,
              18.959737854915755
            ],
            [
              72.91582822614005,
              18.95803980127381
            ],
            [
              72.92393873881007,
              18.967991785188836
            ]
          ]
        ]
      },
      "properties": {
        "zone": "87608b180ffffff",
        "rank": 112,
        "aqi_beyond_index": false,
        "reasoned": false,
        "priority_score": null,
        "aqi_latest": 62.1,
        "aqi_pred_delta": 13.6,
        "traffic_latest": 50.0,
        "traffic_pred_delta": 0.0,
        "ndvi_latest": null,
        "ndvi_trend_per_year": null,
        "ndvi_pred_delta": null,
        "plantable_space": null,
        "plantable_source": null,
        "n_sites": 0,
        "species": [],
        "justification": "",
        "components": {
          "aqi_worsening": 0.0,
          "traffic_worsening": 0.0,
          "ndvi_decline": 0.1029
        }
      }
    },
    {
      "type": "Feature",
      "geometry": {
        "type": "Polygon",
        "coordinates": [
          [
            [
              72.90368454044363,
              18.959737854915755
            ],
            [
              72.8996497828621,
              18.971386176204486
            ],
            [
              72.88750820329605,
              18.973081728183622
            ],
            [
              72.8794029660511,
              18.963130676252074
            ],
            [
              72.88343727768094,
              18.951483735222475
            ],
            [
              72.89557727273304,
              18.94978646584685
            ],
            [
              72.90368454044363,
              18.959737854915755
            ]
          ]
        ]
      },
      "properties": {
        "zone": "87608b181ffffff",
        "rank": 113,
        "aqi_beyond_index": false,
        "reasoned": false,
        "priority_score": null,
        "aqi_latest": 62.1,
        "aqi_pred_delta": 13.6,
        "traffic_latest": 50.0,
        "traffic_pred_delta": 0.0,
        "ndvi_latest": null,
        "ndvi_trend_per_year": null,
        "ndvi_pred_delta": null,
        "plantable_space": null,
        "plantable_source": null,
        "n_sites": 0,
        "species": [],
        "justification": "",
        "components": {
          "aqi_worsening": 0.0,
          "traffic_worsening": 0.0,
          "ndvi_decline": 0.1029
        }
      }
    },
    {
      "type": "Feature",
      "geometry": {
        "type": "Polygon",
        "coordinates": [
          [
            [
              72.90775826573888,
              18.981337823181995
            ],
            [
              72.90372313866297,
              18.99298468405216
            ],
            [
              72.89157997430928,
              18.99467851898571
            ],
            [
              72.88347352204485,
              18.98472721007599
            ],
            [
              72.88750820329605,
              18.973081728183622
            ],
            [
              72.8996497828621,
              18.971386176204486
            ],
            [
              72.90775826573888,
              18.981337823181995
            ]
          ]
        ]
      },
      "properties": {
        "zone": "87608b183ffffff",
        "rank": 114,
        "aqi_beyond_index": false,
        "reasoned": false,
        "priority_score": null,
        "aqi_latest": 62.1,
        "aqi_pred_delta": 13.6,
        "traffic_latest": 50.0,
        "traffic_pred_delta": 0.0,
        "ndvi_latest": null,
        "ndvi_trend_per_year": null,
        "ndvi_pred_delta": null,
        "plantable_space": null,
        "plantable_source": null,
        "n_sites": 0,
        "species": [],
        "justification": "",
        "components": {
          "aqi_worsening": 0.0,
          "traffic_worsening": 0.0,
          "ndvi_decline": 0.1029
        }
      }
    },
    {
      "type": "Feature",
      "geometry": {
        "type": "Polygon",
        "coordinates": [
          [
            [
              72.9198630593924,
              18.946388641981784
            ],
            [
              72.91582822614005,
              18.95803980127381
            ],
            [
              72.90368454044363,
              18.959737854915755
            ],
            [
              72.89557727273304,
              18.94978646584685
            ],
            [
              72.8996116608459,
              18.93813668714802
            ],
            [
              72.91175376203469,
              18.936436916906505
            ],
            [
              72.9198630593924,
              18.946388641981784
            ]
          ]
        ]
      },
      "properties": {
        "zone": "87608b185ffffff",
        "rank": 115,
        "aqi_beyond_index": false,
        "reasoned": false,
        "priority_score": null,
        "aqi_latest": 62.1,
        "aqi_pred_delta": 13.6,
        "traffic_latest": 50.0,
        "traffic_pred_delta": 0.0,
        "ndvi_latest": null,
        "ndvi_trend_per_year": null,
        "ndvi_pred_delta": null,
        "plantable_space": null,
        "plantable_source": null,
        "n_sites": 0,
        "species": [],
        "justification": "",
        "components": {
          "aqi_worsening": 0.0,
          "traffic_worsening": 0.0,
          "ndvi_decline": 0.1029
        }
      }
    },
    {
      "type": "Feature",
      "geometry": {
        "type": "Polygon",
        "coordinates": [
          [
            [
              72.88343727768094,
              18.951483735222475
            ],
            [
              72.8794029660511,
              18.963130676252074
            ],
            [
              72.86726507861242,
              18.96482544449921
            ],
            [
              72.85916308727451,
              18.95487499024026
            ],
            [
              72.86319695201449,
              18.94322943041566
            ],
            [
              72.87533325520754,
              18.941532943626832
            ],
            [
              72.88343727768094,
              18.951483735222475
            ]
          ]
        ]
      },
      "properties": {
        "zone": "87608b18cffffff",
        "rank": 116,
        "aqi_beyond_index": false,
        "reasoned": false,
        "priority_score": null,
        "aqi_latest": 62.1,
        "aqi_pred_delta": 29.5,
        "traffic_latest": 50.0,
        "traffic_pred_delta": 0.0,
        "ndvi_latest": -0.001,
        "ndvi_trend_per_year": 0.0,
        "ndvi_pred_delta": 0.0109,
        "plantable_space": null,
        "plantable_source": "proxy_1_minus_ndvi",
        "n_sites": 0,
        "species": [],
        "justification": "",
        "components": {
          "aqi_worsening": 0.3876,
          "traffic_worsening": 0.0,
          "ndvi_decline": 0.1029,
          "low_green_cover": 0.15
        }
      }
    },
    {
      "type": "Feature",
      "geometry": {
        "type": "Polygon",
        "coordinates": [
          [
            [
              72.86319695201449,
              18.94322943041566
            ],
            [
              72.85916308727451,
              18.95487499024026
            ],
            [
              72.84702889317447,
              18.956568976435392
            ],
            [
              72.83893014801546,
              18.946619122473177
            ],
            [
              72.84296356492884,
              18.934974944798306
            ],
            [
              72.85509617505274,
              18.933279238917986
            ],
            [
              72.86319695201449,
              18.94322943041566
            ]
          ]
        ]
      },
      "properties": {
        "zone": "87608b18dffffff",
        "rank": 117,
        "aqi_beyond_index": false,
        "reasoned": false,
        "priority_score": null,
        "aqi_latest": 62.1,
        "aqi_pred_delta": 28.4,
        "traffic_latest": 50.0,
        "traffic_pred_delta": 0.0,
        "ndvi_latest": -0.0,
        "ndvi_trend_per_year": -0.0174,
        "ndvi_pred_delta": 0.0101,
        "plantable_space": null,
        "plantable_source": "proxy_1_minus_ndvi",
        "n_sites": 0,
        "species": [],
        "justification": "",
        "components": {
          "aqi_worsening": 0.3602,
          "traffic_worsening": 0.0,
          "ndvi_decline": 0.2349,
          "low_green_cover": 0.15
        }
      }
    },
    {
      "type": "Feature",
      "geometry": {
        "type": "Polygon",
        "coordinates": [
          [
            [
              72.88750820329605,
              18.973081728183622
            ],
            [
              72.88347352204485,
              18.98472721007599
            ],
            [
              72.87133405008665,
              18.98642026013149
            ],
            [
              72.86323084412453,
              18.97646954646777
            ],
            [
              72.86726507861242,
              18.96482544449921
            ],
            [
              72.8794029660511,
              18.963130676252074
            ],
            [
              72.88750820329605,
              18.973081728183622
            ]
          ]
        ]
      },
      "properties": {
        "zone": "87608b18effffff",
        "rank": 118,
        "aqi_beyond_index": false,
        "reasoned": false,
        "priority_score": null,
        "aqi_latest": 62.1,
        "aqi_pred_delta": 29.5,
        "traffic_latest": 50.0,
        "traffic_pred_delta": 0.0,
        "ndvi_latest": -0.052,
        "ndvi_trend_per_year": 0.0074,
        "ndvi_pred_delta": 0.0624,
        "plantable_space": null,
        "plantable_source": "proxy_1_minus_ndvi",
        "n_sites": 0,
        "species": [],
        "justification": "",
        "components": {
          "aqi_worsening": 0.3876,
          "traffic_worsening": 0.0,
          "ndvi_decline": 0.0469,
          "low_green_cover": 0.15
        }
      }
    },
    {
      "type": "Feature",
      "geometry": {
        "type": "Polygon",
        "coordinates": [
          [
            [
              72.96855006463878,
              19.006104932941277
            ],
            [
              72.96451360573435,
              19.0177559250568
            ],
            [
              72.9523593715155,
              19.01945212472694
            ],
            [
              72.94424318201268,
              19.00949904585933
            ],
            [
              72.9482791979166,
              18.99784942987641
            ],
            [
              72.96043184655056,
              18.996151516609064
            ],
            [
              72.96855006463878,
              19.006104932941277
            ]
          ]
        ]
      },
      "properties": {
        "zone": "87608b194ffffff",
        "rank": 119,
        "aqi_beyond_index": false,
        "reasoned": false,
        "priority_score": null,
        "aqi_latest": 67.0,
        "aqi_pred_delta": 30.8,
        "traffic_latest": 50.0,
        "traffic_pred_delta": 0.0,
        "ndvi_latest": -0.026,
        "ndvi_trend_per_year": 0.0186,
        "ndvi_pred_delta": 0.0821,
        "plantable_space": null,
        "plantable_source": "proxy_1_minus_ndvi",
        "n_sites": 0,
        "species": [],
        "justification": "",
        "components": {
          "aqi_worsening": 0.4,
          "traffic_worsening": 0.0,
          "ndvi_decline": 0.0,
          "low_green_cover": 0.15
        }
      }
    },
    {
      "type": "Feature",
      "geometry": {
        "type": "Polygon",
        "coordinates": [
          [
            [
              72.95222663413566,
              18.919674203765975
            ],
            [
              72.94819165152141,
              18.931331034870453
            ],
            [
              72.9360437580034,
              18.933034091042625
            ],
            [
              72.92793243181843,
              18.92308203109239
            ],
            [
              72.93196697091922,
              18.91142658124534
            ],
            [
              72.94411327994472,
              18.909721810072796
            ],
            [
              72.95222663413566,
              18.919674203765975
            ]
          ]
        ]
      },
      "properties": {
        "zone": "87608b1a0ffffff",
        "rank": 120,
        "aqi_beyond_index": false,
        "reasoned": false,
        "priority_score": null,
        "aqi_latest": 62.1,
        "aqi_pred_delta": 13.6,
        "traffic_latest": 50.0,
        "traffic_pred_delta": 0.0,
        "ndvi_latest": null,
        "ndvi_trend_per_year": null,
        "ndvi_pred_delta": null,
        "plantable_space": null,
        "plantable_source": null,
        "n_sites": 0,
        "species": [],
        "justification": "",
        "components": {
          "aqi_worsening": 0.0,
          "traffic_worsening": 0.0,
          "ndvi_decline": 0.1029
        }
      }
    },
    {
      "type": "Feature",
      "geometry": {
        "type": "Polygon",
        "coordinates": [
          [
            [
              72.9360437580034,
              18.933034091042625
            ],
            [
              72.93200884974003,
              18.94468808694111
            ],
            [
              72.9198630593924,
              18.946388641981784
            ],
            [
              72.91175376203469,
              18.936436916906505
            ],
            [
              72.9157882259713,
              18.92478430193394
            ],
            [
              72.92793243181843,
              18.92308203109239
            ],
            [
              72.9360437580034,
              18.933034091042625
            ]
          ]
        ]
      },
      "properties": {
        "zone": "87608b1a3ffffff",
        "rank": 121,
        "aqi_beyond_index": false,
        "reasoned": false,
        "priority_score": null,
        "aqi_latest": 62.1,
        "aqi_pred_delta": 13.6,
        "traffic_latest": 50.0,
        "traffic_pred_delta": 0.0,
        "ndvi_latest": null,
        "ndvi_trend_per_year": null,
        "ndvi_pred_delta": null,
        "plantable_space": null,
        "plantable_source": null,
        "n_sites": 0,
        "species": [],
        "justification": "",
        "components": {
          "aqi_worsening": 0.0,
          "traffic_worsening": 0.0,
          "ndvi_decline": 0.1029
        }
      }
    },
    {
      "type": "Feature",
      "geometry": {
        "type": "Polygon",
        "coordinates": [
          [
            [
              72.8996116608459,
              18.93813668714802
            ],
            [
              72.89557727273304,
              18.94978646584685
            ],
            [
              72.88343727768094,
              18.951483735222475
            ],
            [
              72.87533325520754,
              18.941532943626832
            ],
            [
              72.87936719724182,
              18.929884546468088
            ],
            [
              72.89150560805359,
              18.928185559346748
            ],
            [
              72.8996116608459,
              18.93813668714802
            ]
          ]
        ]
      },
      "properties": {
        "zone": "87608b1aaffffff",
        "rank": 122,
        "aqi_beyond_index": false,
        "reasoned": false,
        "priority_score": null,
        "aqi_latest": 62.1,
        "aqi_pred_delta": 13.6,
        "traffic_latest": 50.0,
        "traffic_pred_delta": 0.0,
        "ndvi_latest": null,
        "ndvi_trend_per_year": null,
        "ndvi_pred_delta": null,
        "plantable_space": null,
        "plantable_source": null,
        "n_sites": 0,
        "species": [],
        "justification": "",
        "components": {
          "aqi_worsening": 0.0,
          "traffic_worsening": 0.0,
          "ndvi_decline": 0.1029
        }
      }
    },
    {
      "type": "Feature",
      "geometry": {
        "type": "Polygon",
        "coordinates": [
          [
            [
              72.87936719724182,
              18.929884546468088
            ],
            [
              72.87533325520754,
              18.941532943626832
            ],
            [
              72.86319695201449,
              18.94322943041566
            ],
            [
              72.85509617505274,
              18.933279238917986
            ],
            [
              72.85912967007077,
              18.92163222424507
            ],
            [
              72.87126438929198,
              18.919934018566128
            ],
            [
              72.87936719724182,
              18.929884546468088
            ]
          ]
        ]
      },
      "properties": {
        "zone": "87608b1abffffff",
        "rank": 123,
        "aqi_beyond_index": false,
        "reasoned": false,
        "priority_score": null,
        "aqi_latest": 62.1,
        "aqi_pred_delta": 13.6,
        "traffic_latest": 50.0,
        "traffic_pred_delta": 0.0,
        "ndvi_latest": null,
        "ndvi_trend_per_year": null,
        "ndvi_pred_delta": null,
        "plantable_space": null,
        "plantable_source": null,
        "n_sites": 0,
        "species": [],
        "justification": "",
        "components": {
          "aqi_worsening": 0.0,
          "traffic_worsening": 0.0,
          "ndvi_decline": 0.1029
        }
      }
    },
    {
      "type": "Feature",
      "geometry": {
        "type": "Polygon",
        "coordinates": [
          [
            [
              72.9157882259713,
              18.92478430193394
            ],
            [
              72.91175376203469,
              18.936436916906505
            ],
            [
              72.8996116608459,
              18.93813668714802
            ],
            [
              72.89150560805359,
              18.928185559346748
            ],
            [
              72.89553962672345,
              18.916534326248094
            ],
            [
              72.90768014367808,
              18.914832839058693
            ],
            [
              72.9157882259713,
              18.92478430193394
            ]
          ]
        ]
      },
      "properties": {
        "zone": "87608b1aeffffff",
        "rank": 124,
        "aqi_beyond_index": false,
        "reasoned": false,
        "priority_score": null,
        "aqi_latest": 62.1,
        "aqi_pred_delta": 13.6,
        "traffic_latest": 50.0,
        "traffic_pred_delta": 0.0,
        "ndvi_latest": null,
        "ndvi_trend_per_year": null,
        "ndvi_pred_delta": null,
        "plantable_space": null,
        "plantable_source": null,
        "n_sites": 0,
        "species": [],
        "justification": "",
        "components": {
          "aqi_worsening": 0.0,
          "traffic_worsening": 0.0,
          "ndvi_decline": 0.1029
        }
      }
    },
    {
      "type": "Feature",
      "geometry": {
        "type": "Polygon",
        "coordinates": [
          [
            [
              72.98474293248763,
              18.992752396367063
            ],
            [
              72.98070640050844,
              19.0044062292098
            ],
            [
              72.96855006463878,
              19.006104932941277
            ],
            [
              72.96043184655056,
              18.996151516609064
            ],
            [
              72.96446793634446,
              18.984499060230107
            ],
            [
              72.97662268663883,
              18.9827986437002
            ],
            [
              72.98474293248763,
              18.992752396367063
            ]
          ]
        ]
      },
      "properties": {
        "zone": "87608b1b2ffffff",
        "rank": 125,
        "aqi_beyond_index": false,
        "reasoned": false,
        "priority_score": null,
        "aqi_latest": 62.1,
        "aqi_pred_delta": 13.6,
        "traffic_latest": 50.0,
        "traffic_pred_delta": 0.0,
        "ndvi_latest": null,
        "ndvi_trend_per_year": null,
        "ndvi_pred_delta": null,
        "plantable_space": null,
        "plantable_source": null,
        "n_sites": 0,
        "species": [],
        "justification": "",
        "components": {
          "aqi_worsening": 0.0,
          "traffic_worsening": 0.0,
          "ndvi_decline": 0.1029
        }
      }
    },
    {
      "type": "Feature",
      "geometry": {
        "type": "Polygon",
        "coordinates": [
          [
            [
              72.8512901222005,
              19.177466358824702
            ],
            [
              72.84725316052025,
              19.189090123301206
            ],
            [
              72.83511103430695,
              19.190761123681284
            ],
            [
              72.8270074564561,
              19.18081007839583
            ],
            [
              72.83104396901128,
              19.169187683504155
            ],
            [
              72.84318450876765,
              19.16751496429257
            ],
            [
              72.8512901222005,
              19.177466358824702
            ]
          ]
        ]
      },
      "properties": {
        "zone": "87608b463ffffff",
        "rank": 126,
        "aqi_beyond_index": false,
        "reasoned": false,
        "priority_score": null,
        "aqi_latest": 67.0,
        "aqi_pred_delta": 14.8,
        "traffic_latest": 50.0,
        "traffic_pred_delta": 0.0,
        "ndvi_latest": null,
        "ndvi_trend_per_year": null,
        "ndvi_pred_delta": null,
        "plantable_space": null,
        "plantable_source": null,
        "n_sites": 0,
        "species": [],
        "justification": "",
        "components": {
          "aqi_worsening": 0.0305,
          "traffic_worsening": 0.0,
          "ndvi_decline": 0.1029
        }
      }
    },
    {
      "type": "Feature",
      "geometry": {
        "type": "Polygon",
        "coordinates": [
          [
            [
              72.81080476831531,
              19.160908801762353
            ],
            [
              72.80676870582212,
              19.172529826127583
            ],
            [
              72.79463398363869,
              19.17419925010787
            ],
            [
              72.78653691008458,
              19.16424937082541
            ],
            [
              72.79057252158023,
              19.15262971792711
            ],
            [
              72.80270565785206,
              19.15095857282425
            ],
            [
              72.81080476831531,
              19.160908801762353
            ]
          ]
        ]
      },
      "properties": {
        "zone": "87608b468ffffff",
        "rank": 127,
        "aqi_beyond_index": false,
        "reasoned": false,
        "priority_score": null,
        "aqi_latest": 67.0,
        "aqi_pred_delta": 14.8,
        "traffic_latest": 50.0,
        "traffic_pred_delta": 0.0,
        "ndvi_latest": null,
        "ndvi_trend_per_year": null,
        "ndvi_pred_delta": null,
        "plantable_space": null,
        "plantable_source": null,
        "n_sites": 0,
        "species": [],
        "justification": "",
        "components": {
          "aqi_worsening": 0.0305,
          "traffic_worsening": 0.0,
          "ndvi_decline": 0.1029
        },
        "soil": {
          "ph": 6.7,
          "ph_class": "neutral",
          "texture": "clay loam",
          "texture_simple": "clay",
          "moisture": null,
          "soc": 343.0
        }
      }
    },
    {
      "type": "Feature",
      "geometry": {
        "type": "Polygon",
        "coordinates": [
          [
            [
              72.80674134968126,
              19.13933606406374
            ],
            [
              72.80270565785206,
              19.15095857282425
            ],
            [
              72.79057252158023,
              19.15262971792711
            ],
            [
              72.78247666299848,
              19.14268007573605
            ],
            [
              72.78651190370509,
              19.13105893972683
            ],
            [
              72.79864345434049,
              19.129386073137546
            ],
            [
              72.80674134968126,
              19.13933606406374
            ]
          ]
        ]
      },
      "properties": {
        "zone": "87608b46dffffff",
        "rank": 128,
        "aqi_beyond_index": false,
        "reasoned": false,
        "priority_score": null,
        "aqi_latest": 67.0,
        "aqi_pred_delta": 14.8,
        "traffic_latest": 50.0,
        "traffic_pred_delta": 0.0,
        "ndvi_latest": null,
        "ndvi_trend_per_year": null,
        "ndvi_pred_delta": null,
        "plantable_space": null,
        "plantable_source": null,
        "n_sites": 0,
        "species": [],
        "justification": "",
        "components": {
          "aqi_worsening": 0.0305,
          "traffic_worsening": 0.0,
          "ndvi_decline": 0.1029
        },
        "soil": {
          "ph": 6.2,
          "ph_class": "acidic",
          "texture": "clay loam",
          "texture_simple": "clay",
          "moisture": null,
          "soc": 353.0
        }
      }
    },
    {
      "type": "Feature",
      "geometry": {
        "type": "Polygon",
        "coordinates": [
          [
            [
              72.83104396901128,
              19.169187683504155
            ],
            [
              72.8270074564561,
              19.18081007839583
            ],
            [
              72.81486903165664,
              19.18248028972875
            ],
            [
              72.80676870582212,
              19.172529826127583
            ],
            [
              72.81080476831531,
              19.160908801762353
            ],
            [
              72.8229416069299,
              19.15923687045154
            ],
            [
              72.83104396901128,
              19.169187683504155
            ]
          ]
        ]
      },
      "properties": {
        "zone": "87608b46effffff",
        "rank": 129,
        "aqi_beyond_index": false,
        "reasoned": false,
        "priority_score": null,
        "aqi_latest": 67.0,
        "aqi_pred_delta": 14.8,
        "traffic_latest": 50.0,
        "traffic_pred_delta": 0.0,
        "ndvi_latest": null,
        "ndvi_trend_per_year": null,
        "ndvi_pred_delta": null,
        "plantable_space": null,
        "plantable_source": null,
        "n_sites": 0,
        "species": [],
        "justification": "",
        "components": {
          "aqi_worsening": 0.0305,
          "traffic_worsening": 0.0,
          "ndvi_decline": 0.1029
        },
        "soil": {
          "ph": 6.6,
          "ph_class": "neutral",
          "texture": "clay loam",
          "texture_simple": "clay",
          "moisture": null,
          "soc": 324.5
        }
      }
    },
    {
      "type": "Feature",
      "geometry": {
        "type": "Polygon",
        "coordinates": [
          [
            [
              72.94445988647011,
              19.175682510060607
            ],
            [
              72.94042143279248,
              19.187316092087016
            ],
            [
              72.92826399303135,
              19.18899448968027
            ],
            [
              72.92014659442624,
              19.179041019037243
            ],
            [
              72.92418460342763,
              19.16740880444021
            ],
            [
              72.93634045593714,
              19.16572869303566
            ],
            [
              72.94445988647011,
              19.175682510060607
            ]
          ]
        ]
      },
      "properties": {
        "zone": "87608b55effffff",
        "rank": 130,
        "aqi_beyond_index": false,
        "reasoned": false,
        "priority_score": null,
        "aqi_latest": 67.0,
        "aqi_pred_delta": 14.8,
        "traffic_latest": 50.0,
        "traffic_pred_delta": 0.0,
        "ndvi_latest": null,
        "ndvi_trend_per_year": null,
        "ndvi_pred_delta": null,
        "plantable_space": null,
        "plantable_source": null,
        "n_sites": 0,
        "species": [],
        "justification": "",
        "components": {
          "aqi_worsening": 0.0305,
          "traffic_worsening": 0.0,
          "ndvi_decline": 0.1029
        },
        "soil": {
          "ph": 6.5,
          "ph_class": "neutral",
          "texture": "clay loam",
          "texture_simple": "clay",
          "moisture": null,
          "soc": 282.0
        }
      }
    },
    {
      "type": "Feature",
      "geometry": {
        "type": "Polygon",
        "coordinates": [
          [
            [
              72.9930606393356,
              19.135714389118604
            ],
            [
              72.9890219652374,
              19.147356532556014
            ],
            [
              72.97685821177275,
              19.149042458157762
            ],
            [
              72.96873471985772,
              19.139087951742724
            ],
            [
              72.97277295172843,
              19.127447176739828
            ],
            [
              72.9849351179691,
              19.1257595396964
            ],
            [
              72.9930606393356,
              19.135714389118604
            ]
          ]
        ]
      },
      "properties": {
        "zone": "87608b573ffffff",
        "rank": 131,
        "aqi_beyond_index": false,
        "reasoned": false,
        "priority_score": null,
        "aqi_latest": null,
        "aqi_pred_delta": null,
        "traffic_latest": null,
        "traffic_pred_delta": null,
        "ndvi_latest": 0.488,
        "ndvi_trend_per_year": -0.02,
        "ndvi_pred_delta": -0.4469,
        "plantable_space": 0.19,
        "plantable_source": "proxy_1_minus_ndvi",
        "n_sites": 0,
        "species": [],
        "justification": "",
        "components": {
          "traffic_worsening": 0.0,
          "ndvi_decline": 0.2548,
          "low_green_cover": 0.0076,
          "plantable_space": 0.0186
        }
      }
    },
    {
      "type": "Feature",
      "geometry": {
        "type": "Polygon",
        "coordinates": [
          [
            [
              73.02547201351707,
              19.1090421730267
            ],
            [
              73.02143319578592,
              19.120690017178607
            ],
            [
              73.00926524063551,
              19.122380960195144
            ],
            [
              73.00113769064572,
              19.11242576889175
            ],
            [
              73.0051760677847,
              19.100779293838098
            ],
            [
              73.01734243573355,
              19.09908664096859
            ],
            [
              73.02547201351707,
              19.1090421730267
            ]
          ]
        ]
      },
      "properties": {
        "zone": "87608b574ffffff",
        "rank": 132,
        "aqi_beyond_index": false,
        "reasoned": false,
        "priority_score": null,
        "aqi_latest": null,
        "aqi_pred_delta": null,
        "traffic_latest": null,
        "traffic_pred_delta": null,
        "ndvi_latest": 0.333,
        "ndvi_trend_per_year": -0.0177,
        "ndvi_pred_delta": -0.2608,
        "plantable_space": 0.45,
        "plantable_source": "proxy_1_minus_ndvi",
        "n_sites": 0,
        "species": [],
        "justification": "",
        "components": {
          "traffic_worsening": 0.0,
          "ndvi_decline": 0.237,
          "low_green_cover": 0.0554,
          "plantable_space": 0.0446
        },
        "soil": {
          "ph": 6.5,
          "ph_class": "neutral",
          "texture": "clay loam",
          "texture_simple": "clay",
          "moisture": null,
          "soc": 223.0
        }
      }
    },
    {
      "type": "Feature",
      "geometry": {
        "type": "Polygon",
        "coordinates": [
          [
            [
              73.0051760677847,
              19.100779293838098
            ],
            [
              73.00113769064572,
              19.11242576889175
            ],
            [
              72.98897342280527,
              19.114115913976995
            ],
            [
              72.98084911927147,
              19.104161294998654
            ],
            [
              72.98488705487082,
              19.092516189995706
            ],
            [
              72.99704973577114,
              19.090824333899647
            ],
            [
              73.0051760677847,
              19.100779293838098
            ]
          ]
        ]
      },
      "properties": {
        "zone": "87608b575ffffff",
        "rank": 133,
        "aqi_beyond_index": false,
        "reasoned": false,
        "priority_score": null,
        "aqi_latest": null,
        "aqi_pred_delta": null,
        "traffic_latest": null,
        "traffic_pred_delta": null,
        "ndvi_latest": 0.611,
        "ndvi_trend_per_year": 0.0063,
        "ndvi_pred_delta": -0.4625,
        "plantable_space": 0.0,
        "plantable_source": "proxy_1_minus_ndvi",
        "n_sites": 0,
        "species": [],
        "justification": "",
        "components": {
          "traffic_worsening": 0.0,
          "ndvi_decline": 0.0549,
          "low_green_cover": 0.0,
          "plantable_space": 0.0
        },
        "soil": {
          "ph": 6.4,
          "ph_class": "acidic",
          "texture": "clay loam",
          "texture_simple": "clay",
          "moisture": null,
          "soc": 248.0
        }
      }
    },
    {
      "type": "Feature",
      "geometry": {
        "type": "Polygon",
        "coordinates": [
          [
            [
              73.02956399193636,
              19.130645778159305
            ],
            [
              73.02552480522786,
              19.14229214046019
            ],
            [
              73.01335526260308,
              19.14398137398715
            ],
            [
              73.00522649438923,
              19.134025954681555
            ],
            [
              73.00926524063551,
              19.122380960195144
            ],
            [
              73.02143319578592,
              19.120690017178607
            ],
            [
              73.02956399193636,
              19.130645778159305
            ]
          ]
        ]
      },
      "properties": {
        "zone": "87608b576ffffff",
        "rank": 134,
        "aqi_beyond_index": false,
        "reasoned": false,
        "priority_score": null,
        "aqi_latest": null,
        "aqi_pred_delta": null,
        "traffic_latest": null,
        "traffic_pred_delta": null,
        "ndvi_latest": 0.304,
        "ndvi_trend_per_year": -0.0236,
        "ndvi_pred_delta": -0.1786,
        "plantable_space": 0.49,
        "plantable_source": "proxy_1_minus_ndvi",
        "n_sites": 0,
        "species": [],
        "justification": "",
        "components": {
          "traffic_worsening": 0.0,
          "ndvi_decline": 0.282,
          "low_green_cover": 0.0641,
          "plantable_space": 0.0493
        },
        "soil": {
          "ph": 6.55,
          "ph_class": "neutral",
          "texture": "clay loam",
          "texture_simple": "clay",
          "moisture": null,
          "soc": 214.0
        }
      }
    },
    {
      "type": "Feature",
      "geometry": {
        "type": "Polygon",
        "coordinates": [
          [
            [
              72.99276674638327,
              18.936168869657084
            ],
            [
              72.9887308795702,
              18.947828460424613
            ],
            [
              72.97657561439419,
              18.949533092298296
            ],
            [
              72.96845780127774,
              18.939579846085028
            ],
            [
              72.9724932264632,
              18.92792163467331
            ],
            [
              72.98464690661972,
              18.926215290100288
            ],
            [
              72.99276674638327,
              18.936168869657084
            ]
          ]
        ]
      },
      "properties": {
        "zone": "87608bc5bffffff",
        "rank": 135,
        "aqi_beyond_index": false,
        "reasoned": false,
        "priority_score": null,
        "aqi_latest": null,
        "aqi_pred_delta": null,
        "traffic_latest": null,
        "traffic_pred_delta": null,
        "ndvi_latest": 0.365,
        "ndvi_trend_per_year": -0.0106,
        "ndvi_pred_delta": -0.2455,
        "plantable_space": 0.39,
        "plantable_source": "proxy_1_minus_ndvi",
        "n_sites": 0,
        "species": [],
        "justification": "",
        "components": {
          "traffic_worsening": 0.0,
          "ndvi_decline": 0.183,
          "low_green_cover": 0.0454,
          "plantable_space": 0.0391
        },
        "soil": {
          "ph": 6.35,
          "ph_class": "acidic",
          "texture": "clay loam",
          "texture_simple": "clay",
          "moisture": null,
          "soc": 245.0
        }
      }
    },
    {
      "type": "Feature",
      "geometry": {
        "type": "Polygon",
        "coordinates": [
          [
            [
              73.00911259175832,
              19.022615316901504
            ],
            [
              73.00507524968663,
              19.034269058428844
            ],
            [
              72.99291364170553,
              19.035966843020777
            ],
            [
              72.98479096213396,
              19.02601259735521
            ],
            [
              72.98882786309478,
              19.014360230057815
            ],
            [
              73.00098788496551,
              19.012660734176166
            ],
            [
              73.00911259175832,
              19.022615316901504
            ]
          ]
        ]
      },
      "properties": {
        "zone": "87608bcc8ffffff",
        "rank": 136,
        "aqi_beyond_index": false,
        "reasoned": false,
        "priority_score": null,
        "aqi_latest": null,
        "aqi_pred_delta": null,
        "traffic_latest": null,
        "traffic_pred_delta": null,
        "ndvi_latest": 0.34,
        "ndvi_trend_per_year": 0.0354,
        "ndvi_pred_delta": -0.1584,
        "plantable_space": 0.43,
        "plantable_source": "proxy_1_minus_ndvi",
        "n_sites": 0,
        "species": [],
        "justification": "",
        "components": {
          "traffic_worsening": 0.0,
          "ndvi_decline": 0.0,
          "low_green_cover": 0.0531,
          "plantable_space": 0.0433
        }
      }
    },
    {
      "type": "Feature",
      "geometry": {
        "type": "Polygon",
        "coordinates": [
          [
            [
              73.01320117385563,
              19.044223883534055
            ],
            [
              73.0091634629066,
              19.05587615522558
            ],
            [
              72.99700026854238,
              19.05757222888448
            ],
            [
              72.98887637173789,
              19.047617741764753
            ],
            [
              72.99291364170553,
              19.035966843020777
            ],
            [
              73.00507524968663,
              19.034269058428844
            ],
            [
              73.01320117385563,
              19.044223883534055
            ]
          ]
        ]
      },
      "properties": {
        "zone": "87608bccaffffff",
        "rank": 137,
        "aqi_beyond_index": false,
        "reasoned": false,
        "priority_score": null,
        "aqi_latest": null,
        "aqi_pred_delta": null,
        "traffic_latest": null,
        "traffic_pred_delta": null,
        "ndvi_latest": 0.381,
        "ndvi_trend_per_year": -0.0113,
        "ndvi_pred_delta": -0.2935,
        "plantable_space": 0.37,
        "plantable_source": "proxy_1_minus_ndvi",
        "n_sites": 0,
        "species": [],
        "justification": "",
        "components": {
          "traffic_worsening": 0.0,
          "ndvi_decline": 0.1885,
          "low_green_cover": 0.0406,
          "plantable_space": 0.0365
        }
      }
    },
    {
      "type": "Feature",
      "geometry": {
        "type": "Polygon",
        "coordinates": [
          [
            [
              72.99291364170553,
              19.035966843020777
            ],
            [
              72.98887637173789,
              19.047617741764753
            ],
            [
              72.97671686389883,
              19.04931302096347
            ],
            [
              72.96859621237581,
              19.03935911348673
            ],
            [
              72.97263304041608,
              19.02770958864239
            ],
            [
              72.98479096213396,
              19.02601259735521
            ],
            [
              72.99291364170553,
              19.035966843020777
            ]
          ]
        ]
      },
      "properties": {
        "zone": "87608bccbffffff",
        "rank": 138,
        "aqi_beyond_index": false,
        "reasoned": false,
        "priority_score": null,
        "aqi_latest": null,
        "aqi_pred_delta": null,
        "traffic_latest": null,
        "traffic_pred_delta": null,
        "ndvi_latest": -0.051,
        "ndvi_trend_per_year": 0.0465,
        "ndvi_pred_delta": 0.0605,
        "plantable_space": null,
        "plantable_source": "proxy_1_minus_ndvi",
        "n_sites": 0,
        "species": [],
        "justification": "",
        "components": {
          "traffic_worsening": 0.0,
          "ndvi_decline": 0.0,
          "low_green_cover": 0.15
        }
      }
    },
    {
      "type": "Feature",
      "geometry": {
        "type": "Polygon",
        "coordinates": [
          [
            [
              73.02531371190405,
              19.009258444268745
            ],
            [
              73.02127629839082,
              19.020915027182415
            ],
            [
              73.00911259175832,
              19.022615316901504
            ],
            [
              73.00098788496551,
              19.012660734176166
            ],
            [
              73.00502485818492,
              19.00100552582147
            ],
            [
              73.01718697871867,
              18.999303525613275
            ],
            [
              73.02531371190405,
              19.009258444268745
            ]
          ]
        ]
      },
      "properties": {
        "zone": "87608bcccffffff",
        "rank": 139,
        "aqi_beyond_index": false,
        "reasoned": false,
        "priority_score": null,
        "aqi_latest": null,
        "aqi_pred_delta": null,
        "traffic_latest": null,
        "traffic_pred_delta": null,
        "ndvi_latest": 0.237,
        "ndvi_trend_per_year": -0.0131,
        "ndvi_pred_delta": -0.1518,
        "plantable_space": 0.6,
        "plantable_source": "proxy_1_minus_ndvi",
        "n_sites": 0,
        "species": [],
        "justification": "",
        "components": {
          "traffic_worsening": 0.0,
          "ndvi_decline": 0.2025,
          "low_green_cover": 0.0847,
          "plantable_space": 0.0605
        },
        "soil": {
          "ph": 6.45,
          "ph_class": "acidic",
          "texture": "clay loam",
          "texture_simple": "clay",
          "moisture": null,
          "soc": 262.0
        }
      }
    },
    {
      "type": "Feature",
      "geometry": {
        "type": "Polygon",
        "coordinates": [
          [
            [
              73.02940424909512,
              19.030870189144185
            ],
            [
              73.02536646685944,
              19.04252530394836
            ],
            [
              73.01320117385563,
              19.044223883534055
            ],
            [
              73.00507524968663,
              19.034269058428844
            ],
            [
              73.00911259175832,
              19.022615316901504
            ],
            [
              73.02127629839082,
              19.020915027182415
            ],
            [
              73.02940424909512,
              19.030870189144185
            ]
          ]
        ]
      },
      "properties": {
        "zone": "87608bcceffffff",
        "rank": 140,
        "aqi_beyond_index": false,
        "reasoned": false,
        "priority_score": null,
        "aqi_latest": null,
        "aqi_pred_delta": null,
        "traffic_latest": null,
        "traffic_pred_delta": null,
        "ndvi_latest": 0.271,
        "ndvi_trend_per_year": -0.0142,
        "ndvi_pred_delta": -0.2254,
        "plantable_space": 0.55,
        "plantable_source": "proxy_1_minus_ndvi",
        "n_sites": 0,
        "species": [],
        "justification": "",
        "components": {
          "traffic_worsening": 0.0,
          "ndvi_decline": 0.2104,
          "low_green_cover": 0.0744,
          "plantable_space": 0.0549
        }
      }
    },
    {
      "type": "Feature",
      "geometry": {
        "type": "Polygon",
        "coordinates": [
          [
            [
              73.01729060469943,
              19.065831219346112
            ],
            [
              73.01325252484801,
              19.077482018195216
            ],
            [
              73.00108774382788,
              19.079176381279403
            ],
            [
              72.99296262954275,
              19.069221656068766
            ],
            [
              72.99700026854238,
              19.05757222888448
            ],
            [
              73.0091634629066,
              19.05587615522558
            ],
            [
              73.01729060469943,
              19.065831219346112
            ]
          ]
        ]
      },
      "properties": {
        "zone": "87608bcd9ffffff",
        "rank": 141,
        "aqi_beyond_index": false,
        "reasoned": false,
        "priority_score": null,
        "aqi_latest": null,
        "aqi_pred_delta": null,
        "traffic_latest": null,
        "traffic_pred_delta": null,
        "ndvi_latest": 0.292,
        "ndvi_trend_per_year": -0.008,
        "ndvi_pred_delta": -0.2203,
        "plantable_space": 0.51,
        "plantable_source": "proxy_1_minus_ndvi",
        "n_sites": 0,
        "species": [],
        "justification": "",
        "components": {
          "traffic_worsening": 0.0,
          "ndvi_decline": 0.164,
          "low_green_cover": 0.0679,
          "plantable_space": 0.0513
        }
      }
    },
    {
      "type": "Feature",
      "geometry": {
        "type": "Polygon",
        "coordinates": [
          [
            [
              73.02138088451234,
              19.08743731796664
            ],
            [
              73.01734243573355,
              19.09908664096859
            ],
            [
              73.0051760677847,
              19.100779293838098
            ],
            [
              72.99704973577114,
              19.090824333899647
            ],
            [
              73.00108774382788,
              19.079176381279403
            ],
            [
              73.01325252484801,
              19.077482018195216
            ],
            [
              73.02138088451234,
              19.08743731796664
            ]
          ]
        ]
      },
      "properties": {
        "zone": "87608bcdbffffff",
        "rank": 142,
        "aqi_beyond_index": false,
        "reasoned": false,
        "priority_score": null,
        "aqi_latest": null,
        "aqi_pred_delta": null,
        "traffic_latest": null,
        "traffic_pred_delta": null,
        "ndvi_latest": 0.376,
        "ndvi_trend_per_year": -0.0047,
        "ndvi_pred_delta": -0.3091,
        "plantable_space": 0.37,
        "plantable_source": "proxy_1_minus_ndvi",
        "n_sites": 0,
        "species": [],
        "justification": "",
        "components": {
          "traffic_worsening": 0.0,
          "ndvi_decline": 0.1386,
          "low_green_cover": 0.042,
          "plantable_space": 0.0373
        }
      }
    }
  ]
}